frames,seed,method,frechet_pos,sw2_pos,frechet_pos_pca8,frechet_pos_pca16,frechet_pos_pca32,frechet_pos_pca64,frechet_pos_pca128,frechet_vel,sw2_vel,frechet_vel_pca8,frechet_vel_pca16,frechet_vel_pca32,frechet_vel_pca64,frechet_vel_pca128,frechet_both,sw2_both,frechet_both_pca8,frechet_both_pca16,frechet_both_pca32,frechet_both_pca64,frechet_both_pca128,c2st_cnn,c2st_gbm,c2st_linear
25,0,truth,1.3894460089615466,0.06233847875622965,0.7258869469781789,1.0198969179721422,1.2995420312255002,1.3723904331379537,1.3868301764912057,2.5582740041560896,0.059577597815376825,0.4451733952752419,0.7083810167072022,1.2061856517968623,1.71855430254756,2.2049914801660964,3.2547110072285097,0.0623630742364859,0.7749302191931283,1.2219430559614373,1.8152812772940874,2.4236043879472056,2.8813471511081903,0.5094847619533539,0.5201272933816778,0.5011188745895644
25,1,truth,1.3894460089615466,0.06164339993179502,0.7258869469781789,1.0198969179721422,1.2995420312255002,1.3723904331379537,1.3868301764912057,2.5582740041560896,0.06167473317947086,0.4451733952752419,0.7083810167072022,1.2061856517968623,1.71855430254756,2.2049914801660964,3.2547110072285097,0.06200490379660576,0.7749302191931283,1.2219430559614373,1.8152812772940874,2.4236043879472056,2.8813471511081903,0.5173091113567352,0.5172950934470363,0.5267596209209318
25,2,truth,1.3894460089615466,0.06037246186950752,0.7258869469781789,1.0198969179721422,1.2995420312255002,1.3723904331379537,1.3868301764912057,2.5582740041560896,0.06045044780467349,0.4451733952752419,0.7083810167072022,1.2061856517968623,1.71855430254756,2.2049914801660964,3.2547110072285097,0.06195711316049497,0.7749302191931283,1.2219430559614373,1.8152812772940874,2.4236043879472056,2.8813471511081903,0.5262258648872375,0.538511694495884,0.5306531177541588
25,0,none,1.405001976678812,0.06548789264535619,0.7876867157863094,1.0573346503907908,1.3119113175002504,1.388590370308236,1.4021431979575272,2.5918637198973067,0.06519439910243917,0.432176552446308,0.7355329265246984,1.227120744628239,1.7916103087915634,2.2504940041291284,3.2883298117437767,0.06614553382022857,0.8106016219339796,1.2084272083029912,1.8274723801803934,2.480965827257695,2.916855073957295,0.5072842895984649,0.540189323401614,0.48940720049658604
25,1,none,1.4379431738114483,0.06540097783032695,0.7824895578408212,1.083029711621494,1.345778082727154,1.4215455140861897,1.4352179857596556,2.63200134973014,0.06617151700695437,0.4182859067709978,0.7844891344693611,1.259403176685364,1.8125746386636405,2.2965306034271857,3.330437936346061,0.06594281334686372,0.8012558527046305,1.2188493794025257,1.8793826529374889,2.5098969783789493,2.965477157368981,0.4843637466430664,0.565841092489137,0.4787926753569212
25,2,none,1.4278201459112285,0.06330117094229329,0.7783510828404914,1.0714848864753892,1.3356177824999553,1.4116974168688206,1.4250259032621921,2.585187861937904,0.06206652243252773,0.3664776294368393,0.6486778083857654,1.1888689827548435,1.76123997158494,2.2472543768726507,3.2884252329744195,0.06371687305660172,0.7960855866356423,1.1938464892915068,1.8349103510428144,2.4716122724773597,2.921747996472969,0.5067070126533508,0.5329329608938548,0.4966294227188081
25,0,rollout1_s1,1.6300717449106759,0.06318418552534909,0.7464241518957057,1.1670200538337858,1.4765268885358258,1.6106003352214193,1.62780717911387,3.441573778668254,0.0998097154925751,0.509737481062493,0.8152617935701713,1.694896768702304,2.6328263592427996,3.1428841334755813,4.111912774741205,0.07472356065261289,0.7903782926977582,1.2682435169842057,2.0599705404783983,3.243663283769854,3.776798745164131,0.6819304585456848,0.7539137181874611,0.5021849782743637
25,1,rollout1_s1,1.6706798911760956,0.0648571838436945,0.7885552516004062,1.195917550955769,1.50697940362499,1.6512677645938436,1.6684792984813412,3.5146855465039524,0.10746055587301297,0.587145844944077,0.9593501849229391,1.7979012827418255,2.7107066652415246,3.2256091355599343,4.18991648183107,0.07804587576130052,0.8243802229965297,1.2784119222999857,2.0951147249336723,3.3262023881353455,3.864845423576652,0.6997765302658081,0.7963159528243328,0.4905152079453755
25,2,rollout1_s1,1.6462196170240835,0.06207868698496299,0.79117538734155,1.2186792756742904,1.4872244372586978,1.6269840524717027,1.6439759041125204,3.450213532327898,0.10308822870096247,0.5084252570141676,0.8461118694156162,1.7105250025100656,2.641848771019648,3.1505599946410334,4.122185609393495,0.0738641120343898,0.8344328345212392,1.2958158527294281,2.0510557212897287,3.260539284147965,3.786902141088926,0.7003352046012878,0.7728553693358162,0.49999068901303534
25,0,rollout5_s1,1.441017128427798,0.061343690868040084,0.6957395258102309,1.0390941531417812,1.3170968673625603,1.422263481408961,1.4383398497441136,3.086925585294274,0.100618610560835,0.4323961347677125,0.7783597152641692,1.4303637763186543,2.241759021695603,2.7736571270722283,3.7001380339354446,0.07534802393739061,0.713459108730035,1.2031982411222362,1.8945118613384317,2.790204432425815,3.33853709566216,0.6355896949768066,0.7656238361266293,0.5078088144009932
25,1,rollout5_s1,1.4762115125955564,0.06308354630973993,0.7718691024615302,1.0704776911488048,1.3484100743086633,1.4583783516971027,1.4735965331374117,3.1533821124554344,0.11150271216021104,0.5325639127628583,0.8517454575733943,1.4855894810573094,2.2958562946142282,2.839566224300213,3.761807620030104,0.07866245453501518,0.7907788503042442,1.2072625674072686,1.8921509535868972,2.8325352823843573,3.395825207144874,0.6846989274024964,0.792392923649907,0.5011421477343265
25,2,rollout5_s1,1.4534851582717652,0.05802198122666666,0.6967063222678542,1.0430987884431946,1.330762858032429,1.435719188578734,1.4507715984311458,3.0924601988056675,0.10603312751087884,0.5044546744758317,0.8203933418767517,1.4505996555647862,2.2309427698849165,2.771082211411588,3.7116884462596302,0.07505737165229574,0.7230461728469678,1.1787604176406004,1.910801008172939,2.7962023636066933,3.341560610973504,0.6696585893630982,0.7768187461204221,0.5273277467411546
25,0,oracle_s1,1.39101544657212,0.062459149197257334,0.7260319418105463,1.0214002980255965,1.3008972799828544,1.373940624027378,1.388283166135976,2.557858859690004,0.059631777259711784,0.44216080154667137,0.7027304868599377,1.205233913420749,1.7242296076619055,2.209219396342742,3.2533652092503287,0.062389396266918785,0.7734541097722841,1.2221445740599823,1.816417635160353,2.428206063851544,2.885106057416869,0.49999999403953554,0.4933022967101179,0.5044630664183737
25,1,oracle_s1,1.3900065410893947,0.0617266790095751,0.7257101337774554,1.018740372665127,1.2997123481709616,1.3729627387918764,1.3873523296433148,2.555836621525375,0.06170806046902228,0.4423046013731003,0.7006354814719511,1.2032468830442737,1.7196513681557164,2.2060948983360205,3.2507629213395255,0.061881908696438705,0.773126903540149,1.2178715190650435,1.8129303209836058,2.4228221838944513,2.8804497988890363,0.5016635715961456,0.5022315332091869,0.5027870887647424
25,2,oracle_s1,1.390149116336728,0.06028252049028268,0.724604492018104,1.0180900698081299,1.2999188844341374,1.3729582593365564,1.3875013030206846,2.5598888774388366,0.06045062859024437,0.445777047867886,0.7033309856615199,1.203938506600701,1.720076552389197,2.209828106873994,3.2555289470029063,0.06198494147613609,0.7724904816047261,1.2194472100638125,1.8143806967454041,2.4250344786430142,2.8847829968053325,0.502793288230896,0.4938423339540658,0.5022346368715084
25,0,block4,1.3476959862155051,0.06268011128539833,0.732167074612898,1.000262133593343,1.255506129211715,1.3306767804233488,1.3450153662112447,2.5522654735379553,0.059894440637608085,0.4176937458746121,0.6868768123801312,1.180821893350751,1.7199104971576522,2.193867145546218,3.222662825258761,0.06310428194709321,0.7437717207304391,1.1289930063216957,1.741791177011173,2.3880396371669423,2.846924518067464,0.48824332356452943,0.5122687771570453,0.4961080074487896
25,1,block4,1.366020185407446,0.0635438474329767,0.733168632006616,0.9770015178466464,1.2736962951432749,1.349231668300693,1.363349100494587,2.5756999243909786,0.06385630521452232,0.4283871224624407,0.7173494693716687,1.233439681081737,1.7547195660671613,2.22216454091088,3.247629631789969,0.06349730982639303,0.7299332237754829,1.1178293547980345,1.7892613306702858,2.425341109767061,2.8764204952331354,0.5016852915287018,0.5083829919304781,0.5167442582247052
25,2,block4,1.3644113799304187,0.06194252026680807,0.7771507026172406,1.010772202342336,1.2691184524001617,1.3479892079817608,1.3617303436049457,2.5317992795551327,0.06196455964913786,0.39389775711598735,0.6779919517040686,1.1498947185240547,1.6739937613778588,2.1697866646981177,3.22907882641252,0.06333681935035634,0.7927792411407069,1.150822603145828,1.7483390506499175,2.4001936749296444,2.851503127050928,0.5134357631206512,0.5139757914338919,0.49886405959031654
33,0,truth,1.7272450633804817,0.0599603831215287,0.6654670125431084,1.0421337391084342,1.4979692705655498,1.6774996442544745,1.7176788300758936,3.5147148125417083,0.059732000396681265,0.5049001566181565,0.7666839725509631,1.2474945145542498,1.9899685260033726,2.66508449993767,4.313184964705565,0.059875112049271616,0.69421506960386,1.256901377929808,1.9857374971923516,2.8094939508258365,3.483635419645013,0.5077994406223297,0.5016557476540981,0.497748245436579
33,1,truth,1.7272450633804817,0.0596900467284144,0.6654670125431084,1.0421337391084342,1.4979692705655498,1.6774996442544745,1.7176788300758936,3.5147148125417083,0.06039415430588276,0.5049001566181565,0.7666839725509631,1.2474945145542498,1.9899685260033726,2.66508449993767,4.313184964705565,0.05982621871105421,0.69421506960386,1.256901377929808,1.9857374971923516,2.8094939508258365,3.483635419645013,0.4876877129077911,0.49272653709092606,0.492167877873049
33,2,truth,1.7272450633804817,0.06061966230938143,0.6654670125431084,1.0421337391084342,1.4979692705655498,1.6774996442544745,1.7176788300758936,3.5147148125417083,0.059341384031461365,0.5049001566181565,0.7666839725509631,1.2474945145542498,1.9899685260033726,2.66508449993767,4.313184964705565,0.061076283882377756,0.69421506960386,1.256901377929808,1.9857374971923516,2.8094939508258365,3.483635419645013,0.49051368832588194,0.4888283717962684,0.47880518510449577
33,0,none,1.7437202719354263,0.062337908194697034,0.7006760654177574,1.0797074201692838,1.5043705177035867,1.692606859765181,1.733352682603808,3.5230763506821945,0.06630983292894216,0.4437529134646259,0.7332978673792492,1.3146245143638962,2.0594143459155716,2.7180827288337275,4.321526437324743,0.06444847185365273,0.7209418681438949,1.1807443395198383,1.933359181284091,2.8275384675386706,3.510838250015203,0.5016635656356812,0.5446554934823091,0.5072749844816885
33,1,none,1.8477393340871713,0.06524445391363909,0.8437982247831479,1.2379156845417718,1.64104999953163,1.8015251440593283,1.8382337891908398,3.4758244404000256,0.0644756452382197,0.46866734001414995,0.734237228050752,1.3015622889406238,1.9820144714176104,2.66179744621643,4.318805383267652,0.06476431564417004,0.8544692402591589,1.3319476944540023,2.064708879468715,2.8583222067981335,3.511495539427704,0.5122687876224518,0.5775698324022346,0.5123060211049038
33,2,none,1.8232892102784182,0.06367483831992381,0.7826606304358587,1.1641405335581942,1.5949669339055512,1.7756863151891709,1.8132936146561704,3.503975662139544,0.06504862830090656,0.5533501271615489,0.7881452755372563,1.288847568999646,2.0111996520563884,2.695436476852168,4.352004113999464,0.064145141654928,0.8074242216304548,1.3168239856978814,2.0511482253175757,2.87931685984349,3.5464794264745554,0.5000031054019928,0.5446399751707014,0.4804748603351956
33,0,rollout1_s1,2.497353134322253,0.06594712736808137,0.7595476290459617,1.2685996612910486,2.0977711370165535,2.44308894318525,2.4900101678791,5.154655837791912,0.14835358289177467,0.8679609755066189,1.3550623097057521,2.6812287261811054,3.763966246451221,4.4767712047674,6.033598871576701,0.09322302682612259,0.8245569358702527,1.703935108269983,2.9151744353983404,4.525238373634245,5.334407282714623,0.8516170144081116,0.9028988206083177,0.5083736809435133
33,1,rollout1_s1,2.592166155999871,0.06906563942806482,0.8498711938425305,1.3596243978594447,2.22872588869642,2.538997109386311,2.5850604080996513,5.16693913521576,0.14486388998596175,0.8373232715382972,1.2265669539375057,2.6254148850829537,3.768952506443329,4.499304960591838,6.083515372480743,0.09330219920873066,0.8945951212956762,1.7217029712518412,3.0150141788884257,4.582156321655628,5.398869821267724,0.867749834060669,0.8900589695841093,0.5089106145251397
33,2,rollout1_s1,2.566220854833597,0.0670394175843731,0.7818329219884101,1.3370234668683771,2.1490853955966416,2.5088228817251044,2.5589767786810755,5.349486821673696,0.16193344407023733,0.8801015555504488,1.3732594597396681,2.7771929227168903,3.94366359205427,4.687423520560245,6.223193075614672,0.09637492907378276,0.8312301229885868,1.5837513264762069,2.9612703812057086,4.693089496870057,5.538241912677139,0.8961918234825135,0.9123836126629422,0.5072625698324023
33,0,rollout5_s1,2.2284431928435584,0.0644944211352234,0.7287159997950788,1.2459603769672347,1.880155016005381,2.17661533595136,2.2208981973395314,4.7403363601642425,0.15146879986067616,0.7543672219683997,1.2218352430836932,2.2446850478769216,3.291197052873297,4.040520638614954,5.528347527467873,0.09486377767092125,0.7798014174106362,1.3757635804464958,2.485464339704514,3.9638396353022074,4.783178522417432,0.8711390495300293,0.919084419615146,0.5022439478584729
33,1,rollout5_s1,2.264342937126639,0.06373415431987882,0.7789800925184205,1.2745585607034013,1.9611560820655107,2.2154257477307326,2.25686078690863,4.611631107198243,0.14482055534908647,0.7886374403286692,1.211186846842625,2.1448833358954666,3.180741070527203,3.9049810871156163,5.430056557744613,0.09059784251751458,0.796616035800937,1.343290357418925,2.5419242309471968,3.9043160715940397,4.6851482212332405,0.8498448133468628,0.9056765983860956,0.4960955927995034
33,2,rollout5_s1,2.2540820041859533,0.06547710608918485,0.7302117700259912,1.228633283565165,1.8977196242433605,2.202161593743543,2.2464557239727463,4.818017249095049,0.1562601356668457,0.8046537318986418,1.2634866930075215,2.2940553670612003,3.358175924765574,4.1089411862658825,5.598062297989031,0.09517338561874844,0.7833997895652233,1.339052262137135,2.5021858726911836,4.017910599413693,4.845054805376974,0.8733333468437194,0.910707635009311,0.5112042209807572
33,0,oracle_s1,1.7264878637598073,0.060045484010193405,0.6638432368796419,1.0407292748401444,1.4976117619818614,1.6766415375888861,1.7167469603127972,3.5004641240396417,0.05973017397549945,0.5113739489209682,0.7755437857673307,1.2549092781156057,1.98860250723421,2.6593009564809327,4.300122245821348,0.06004139425040549,0.6919656572287876,1.2612986505066626,1.9883886136034299,2.808905134900009,3.47696665902214,0.5055865943431854,0.4977870887647424,0.5005586592178771
33,1,oracle_s1,1.7282441343106403,0.05975950278509327,0.665825812354059,1.0439248593092525,1.5003183357048275,1.6784517757722366,1.7185788594671318,3.505582182371948,0.060565306741528824,0.5104279201391675,0.7712144036966763,1.2525919113439496,1.987910564614804,2.6625032710835677,4.304679930774865,0.05994508772135255,0.694786140375133,1.2609645079251552,1.9877301243656629,2.8083270551887662,3.480483162395106,0.5039106130599975,0.4966542520173805,0.5022346368715084
33,2,oracle_s1,1.7300838683309567,0.06077462839286226,0.669498520870411,1.044070716745124,1.5014008581827043,1.6804677289383387,1.7204455630381483,3.4995995310590504,0.05928404951991359,0.5105706052415735,0.7751505925662219,1.2530811295098667,1.9890129947161221,2.660042055733149,4.300578146367532,0.0610979948856619,0.6990332174231153,1.2638117026394893,1.9904674387967922,2.812564671420645,3.481036669444971,0.502793288230896,0.503342644320298,0.4994413407821229
33,0,block4,1.7461828252547666,0.06255306708235478,0.7318087502021002,1.1072360394274503,1.540375563928617,1.6975325701911368,1.7364838204014243,3.4662969035557523,0.05917052185818888,0.47057214281232146,0.7199405656140063,1.2477847032435248,1.933924041143128,2.6003202413552287,4.267511894212377,0.060572851565223684,0.7562413817316925,1.239335153923038,1.9944594320157425,2.761905451779778,3.4272894803156015,0.4949441313743591,0.49889199255121036,0.5095003103662321
33,1,block4,1.735407057265093,0.05945079496020454,0.6257977734467032,1.0394533669295885,1.5145393581363409,1.6869532445282942,1.7259815439735253,3.5084442910103313,0.060744808698377846,0.41001499644412936,0.7534133068440648,1.3009664646488297,1.9850864352707405,2.6597635818590537,4.288955531528125,0.060427801413629356,0.6595860537629233,1.1644318894869499,1.9916127333291562,2.7907340131316514,3.451707934792916,0.5022470593452454,0.5027746741154562,0.5044382371198013
33,2,block4,1.7746314387732982,0.06477617505525822,0.7682185391554679,1.1131715530871706,1.5585231821684498,1.7272479616444947,1.7652712788695035,3.488275147044625,0.060932262709738505,0.4671498346692382,0.8039153194494926,1.3423095753364485,1.9984905959505603,2.6579982962452893,4.293069833220072,0.06245167585139659,0.782522310595603,1.2436705795927743,2.038263255362382,2.8232679875219913,3.4831422691542726,0.50726877450943,0.5011173184357542,0.48996896337678464
41,0,truth,2.1370764568468728,0.059604666650649014,0.6803550725932145,1.1529614184696175,1.67517672528964,2.029459229212696,2.1143922208877504,4.48965083204634,0.0616725494509974,0.5185760361245125,0.825321018990749,1.343660182584115,2.15666202553428,3.0686746719444904,5.423998515507164,0.06126279957980792,0.6812794397546489,1.2210665564739893,2.0850165251056634,3.146638658584584,4.056119306100481,0.5173090994358063,0.5357277353293599,0.5061234652433046
41,1,truth,2.1370764568468728,0.0604018916921887,0.6803550725932145,1.1529614184696175,1.67517672528964,2.029459229212696,2.1143922208877504,4.48965083204634,0.06183544040416915,0.5185760361245125,0.825321018990749,1.343660182584115,2.15666202553428,3.0686746719444904,5.423998515507164,0.06001572569905198,0.6812794397546489,1.2210665564739893,2.0850165251056634,3.146638658584584,4.056119306100481,0.5011126458644867,0.5122656043323321,0.48102270428409144
41,2,truth,2.1370764568468728,0.059512516841582166,0.6803550725932145,1.1529614184696175,1.67517672528964,2.029459229212696,2.1143922208877504,4.48965083204634,0.06269598762704266,0.5185760361245125,0.825321018990749,1.343660182584115,2.15666202553428,3.0686746719444904,5.423998515507164,0.06079680826813156,0.6812794397546489,1.2210665564739893,2.0850165251056634,3.146638658584584,4.056119306100481,0.5055601358413696,0.5000171176919126,0.4988749007951946
41,0,none,2.0964432074866735,0.060470514396030316,0.6587483013723928,1.0053465730526494,1.617910066719284,1.9846884809298107,2.0714004782288606,4.468707571502964,0.0680479410182588,0.530865172825518,0.8455671651161313,1.4073708133748355,2.259525820481728,3.123483558786896,5.404953448905451,0.06384218414523939,0.68759011508174,1.2043810668011417,2.0457090988231963,3.1795842286425424,4.083066496562981,0.525713837146759,0.5535816263190565,0.4888671632526381
41,1,none,2.20232386493159,0.061324552210036666,0.752270643883972,1.1583690803841304,1.7502588078741077,2.0966021944453135,2.1786314819678236,4.490745871538957,0.06893253633339587,0.44298567434134284,0.8363459699737994,1.491385699354929,2.2746603999115496,3.1433485215743073,5.469772577320659,0.06571001124624247,0.7793581679706786,1.3233098021262772,2.1943761160951967,3.276748494486997,4.1595140402152735,0.5094785809516906,0.5507914338919925,0.49551520794537557
41,2,none,2.2162947717255364,0.060083244076925175,0.7391608898811541,1.1505233510789787,1.7375177072715515,2.109266953460743,2.1920539722134444,4.54313532209349,0.06828712179589816,0.4840985547531153,0.8490100486678585,1.4891484215300077,2.32226603535991,3.181029118160478,5.527807986542659,0.06464015074524529,0.7887549796263583,1.3058226937431707,2.1551741662723995,3.315594553735372,4.198281422835969,0.5217535614967346,0.5541340782122905,0.4927374301675978
41,0,rollout1_s1,3.484295397470717,0.0658984587528386,0.6757323130253261,1.2642571605905406,2.869031870401931,3.3734621484123384,3.468583369337157,6.507251633436533,0.1642769439183947,0.9876440910809511,1.4458941653589126,3.3866582539569254,4.491764606153772,5.46466357665948,7.707038251960781,0.09935910391044706,0.7184344447225606,2.0644477137188675,3.9165325556510386,5.621740350471094,6.675430813063259,0.8817349433898926,0.9219056486654253,0.5184016139044072
41,1,rollout1_s1,3.4621062129962588,0.06312439346501113,0.7307607433879986,1.2489631384153972,2.7946655848459057,3.347149002944805,3.4459372782113826,6.667379440759106,0.17815045483217645,1.1112468113602212,1.6310415745920748,3.4436689122395294,4.609621322682182,5.614189681235929,7.823761884393544,0.10068874331970218,0.7448536013176671,1.7939978716100022,3.8721634940297593,5.671431141382375,6.770167241701107,0.9151893138885498,0.9352700186219739,0.5111328367473619
41,2,rollout1_s1,3.4802710523142264,0.06646152587402988,0.7461260306796866,1.388868462016715,2.8402616643368965,3.367924692099115,3.4644200766147937,6.634210935307828,0.17820980935732075,1.071923567307077,1.566810833372304,3.3922818356329847,4.548983539595057,5.5613549319525974,7.809399555640578,0.10290337622440233,0.7460615987855088,1.9075213013428323,3.9111618769414207,5.6491042513872545,6.746001845067986,0.9145934343338012,0.9318994413407822,0.5167566728739914
41,0,rollout5_s1,3.1278847119770594,0.06077486508876264,0.6266871605828265,1.2348498654728362,2.454267944293488,3.0161073742043256,3.111368905795876,6.282348779184585,0.18515367122100898,1.2243678539545282,1.6527639644861687,3.0345506128506012,4.175400216304514,5.179870404469774,7.370408700477372,0.10735593944974797,0.6240076384767018,1.448005225417534,3.278635611540857,5.152984185201197,6.236277645663436,0.9302793264389038,0.9397454996896337,0.5094909993792676
41,1,rollout5_s1,3.3676697084993514,0.06433756370139204,0.7172915093641382,1.3804779143555594,2.6845151567796686,3.2602301323116767,3.3522484446201433,6.529890328268491,0.19770083515719455,1.3567672787054217,1.858942388702895,3.280669598220661,4.445989469378708,5.454609389076899,7.687707519450973,0.1106469621524108,0.6912791395270751,1.4910973092728321,3.578233777537652,5.524381868208819,6.594603880899196,0.9419459939002991,0.9670670391061453,0.49833954065797637
41,2,rollout5_s1,3.341914408275209,0.06452243673403393,0.6832035155730202,1.3912001486620758,2.6528667708622056,3.232195544132428,3.3264368171668637,6.540086753328307,0.19688095275435205,1.3364894823401927,1.7775336015250676,3.2301265627376488,4.4251682991291945,5.447325039256672,7.677637003423868,0.11284739618399646,0.6612952911922967,1.521902755668017,3.5060445316877757,5.475521788661738,6.5686641953454465,0.9291030406951905,0.9559093730602111,0.5228553693358162
41,0,oracle_s1,2.1384106628786284,0.05979197358372927,0.690278273349001,1.1547875619657388,1.6751541029719828,2.0309893878681633,2.1155561402547662,4.461742060038307,0.06179106124343527,0.5207572113082826,0.8329812593851769,1.3535065788378136,2.1619511568076217,3.0632825587957857,5.398370316502377,0.061492406093911295,0.6918564380854244,1.2247841714708074,2.0868941430784362,3.149061686763838,4.05095588939108,0.5039106130599975,0.4922098075729361,0.5005493482309125
41,1,oracle_s1,2.1392179603763317,0.06037415613776356,0.6808658746684296,1.1549477833654527,1.678297463654663,2.032331255949688,2.116466928387069,4.468711322901692,0.061891301411740145,0.5216286061005633,0.8347996197080256,1.354764561798876,2.1616846700288277,3.063990100685549,5.405582235177829,0.06006366756102646,0.6813302696598683,1.2229960159296065,2.092431176180661,3.1532950509651143,4.052484657389289,0.4983240246772766,0.505586592178771,0.4988826815642458
41,2,oracle_s1,2.1360412315585684,0.05951710661075773,0.6801993308137195,1.1500693923049314,1.6721205613904688,2.0283164821982314,2.113061704143139,4.468749351432107,0.06279741414345894,0.5228315642958338,0.8312608157300391,1.3508948632538187,2.163254551108566,3.0661365991794995,5.4041739145162,0.06096133029995977,0.680699318446006,1.2173876728547088,2.08400950375932,3.1491850362701213,4.052592188031893,0.503904402256012,0.49217566728739914,0.5033395406579764
41,0,block4,2.1730164760007793,0.05850056756526432,0.7256855437083776,1.177770132762239,1.711838032932629,2.070281657201821,2.1501539693790854,4.4822308942843305,0.06174799117087455,0.4825414687774412,0.8788846429319631,1.344766945278712,2.2009207662203982,3.0890663248418386,5.423147077905086,0.060447732728866346,0.7446447805242316,1.3196899258629724,2.098198695509024,3.210182376408044,4.082251116819518,0.5100465595722199,0.49945065176908754,0.5105803848541279
41,1,block4,2.1080938553744257,0.057327899747808386,0.6313974439915736,1.0527533274152032,1.6292491460342315,2.000316543378461,2.0849842847674234,4.467922995916975,0.05982029993322267,0.4551333890510635,0.8213882036584628,1.3477508954645463,2.2002976802312175,3.0764408740640445,5.410629597508446,0.059019819149100025,0.6270828018110874,1.1834604712922152,2.0678956857862207,3.1879252945120555,4.071259019882775,0.48996585607528687,0.5055741775294849,0.4804283054003724
41,2,block4,2.194980771269152,0.062331130123926645,0.7254180624828818,1.1597514206671524,1.7515816204811454,2.0949261458886568,2.172926107832059,4.4562312049303054,0.0628131402643862,0.5017691683574598,0.817436666652957,1.3812061413717736,2.1525904246280683,3.0531260981604262,5.43098448602836,0.06285526311919738,0.6924345269189567,1.267569140555741,2.222152670308675,3.237278032312907,4.092846426942391,0.4927001893520355,0.5133860955927995,0.4894320297951583
49,0,truth,2.553312463666039,0.05847715057911637,0.749377618854885,1.2230327910284065,1.8230833126401653,2.355162415872334,2.509782199798809,5.45593464333052,0.06298040882247215,0.521318642663796,0.7652838027577391,1.3680515092991492,2.32741753789894,3.4228641491641136,6.53866131690676,0.06149983196625611,0.7569343387156557,1.333597382788114,2.1874740179063994,3.4517877189635033,4.618458899451633,0.49665271639823916,0.5111638474346805,0.5184295295747031
49,1,truth,2.553312463666039,0.05794161918018992,0.749377618854885,1.2230327910284065,1.8230833126401653,2.355162415872334,2.509782199798809,5.45593464333052,0.06414436522454219,0.521318642663796,0.7652838027577391,1.3680515092991492,2.32741753789894,3.4228641491641136,6.53866131690676,0.06111901184721437,0.7569343387156557,1.333597382788114,2.1874740179063994,3.4517877189635033,4.618458899451633,0.5279205203056335,0.511148285896578,0.5111513982041985
49,2,truth,2.553312463666039,0.05801141264461073,0.749377618854885,1.2230327910284065,1.8230833126401653,2.355162415872334,2.509782199798809,5.45593464333052,0.06432277321858805,0.521318642663796,0.7652838027577391,1.3680515092991492,2.32741753789894,3.4228641491641136,6.53866131690676,0.06043805922151159,0.7569343387156557,1.333597382788114,2.1874740179063994,3.4517877189635033,4.618458899451633,0.4910692393779755,0.5200915018440423,0.5038857160641758
49,0,none,2.5866787753527754,0.058713099864917295,0.7389395450909668,1.2623491383739915,1.8749635913495994,2.397124583348404,2.5415016719669983,5.398584043706087,0.0668413944729627,0.5206553726376979,0.8928805471644536,1.470025868369938,2.3817190155799066,3.4111962302053582,6.515436173241515,0.06302871685709097,0.7576866389073543,1.394612142256498,2.2479610752967303,3.5088534102795466,4.60719390169012,0.4944103002548218,0.5574922408441962,0.5072687771570454
49,1,none,2.6202180026608044,0.057444364303331164,0.6868927749177142,1.2294686762565046,1.891399193588384,2.4236059516045554,2.5759434435526947,5.443294725578083,0.06647863682490442,0.5229958496993065,0.8461527330884991,1.476742473247658,2.4138162106122723,3.476094066634023,6.570408516525644,0.06244000468932777,0.7026806364185042,1.3844738127598923,2.289126311117706,3.5497402945322567,4.676622683154548,0.5006021082401275,0.5323556797020484,0.48552762259466176
49,2,none,2.657858244539577,0.06141181156326811,0.8073445660233058,1.3221976024926128,1.9406899667443935,2.4672770572988654,2.613884758112974,5.418188768941585,0.0659822354961508,0.4979254685153632,0.8597230894538527,1.4606413876191104,2.398002842358208,3.447835981309197,6.587679337182823,0.06324615312383754,0.8181536033482415,1.462040520735997,2.321537493426714,3.6088721229199083,4.709807847402145,0.5022284328937531,0.5463376784605836,0.5083736809435134
49,0,rollout1_s1,4.100855583844441,0.06749561586692458,0.9045596828816089,1.4760887954444781,3.221139984059921,3.8804394999418776,4.0700440632038575,7.515826742660298,0.17741434230857303,1.9597505079749924,2.4278209223878577,3.55054327663842,4.866691859414985,5.983977539126337,8.940006385221063,0.10498546440255059,0.8711146546639763,1.9603988195029007,4.263194242993239,6.0043731956040665,7.446473188265122,0.9235443830490112,0.9319180633147113,0.5223060211049038
49,1,rollout1_s1,4.051463867340783,0.0645551005444116,0.7291749013954426,1.4362732334621209,3.1791285255696597,3.8330767650828763,4.021450754131223,7.470678993062527,0.17967907867540084,1.962641304234582,2.4280498052319888,3.589822035300488,4.877908079156214,5.959431643875517,8.877867888558258,0.10237951605806585,0.690636704771835,1.950738152024177,4.258085279967138,5.9802028556579945,7.398605120368316,0.9375139594078064,0.9335878336436995,0.5435257603972687
49,2,rollout1_s1,4.029042195207004,0.06681220286370211,0.9034233686103,1.5881314061013245,3.116449212537402,3.8049552858240667,3.9980747559383207,7.479135167331177,0.1854876185636381,1.9596322577933039,2.408589154110109,3.5631866736721474,4.814227989678604,5.93563835180506,8.87840895478464,0.10639492818916921,0.8490953386365894,1.962387124193611,4.189265758564149,5.92630595580576,7.376277474820038,0.9285536766052246,0.926880819366853,0.5613904407200495
49,0,rollout5_s1,4.067952863926928,0.06866703198449021,1.0823373207072706,1.6004679631625252,3.1428454438640734,3.8500509574735426,4.0384924994724125,7.61359759454359,0.2121532176211754,2.0632536880746257,2.513080005657558,3.5263348365431404,4.903147735116905,6.033983322596096,9.020926424533602,0.11922417218502114,1.0396415709022766,1.7798995260740766,4.099948358462327,5.982993826909257,7.445311464255268,0.9642892599105835,0.9609404096834264,0.535673494723774
49,1,rollout5_s1,4.1386083509789815,0.06496867260045013,0.8361408537160651,1.4836553153996062,3.149075338216965,3.9228130596037993,4.109687958277495,7.822996529934395,0.217407764532377,2.1803247770563896,2.7080077676649035,3.823004677563804,5.1473722099710635,6.290292758274173,9.242232349427967,0.12047001954027274,0.8021249894965068,1.623343299345841,4.218982358988255,6.229326247075591,7.701701124285419,0.9681967616081237,0.9704314090626939,0.527324643078833
49,2,rollout5_s1,4.109842599696642,0.07044458670240779,1.0322958655841181,1.6085273548632606,3.1048798959336636,3.89181713789208,4.080332190674629,7.784052948058982,0.21883696718742174,2.158154370660366,2.675186459302795,3.755590173657853,5.095375935228474,6.224497048717642,9.178923322722726,0.12494972539737224,1.0053318894633465,1.7689887774258035,4.162268253269697,6.1756231815163645,7.621723637138067,0.9681874513626099,0.9698603351955308,0.5390626939788951
49,0,oracle_s1,2.5545217539135914,0.058573053288027095,0.7482852641724038,1.2253457999676074,1.8262381390307703,2.3570977340465524,2.510733060379275,5.429083721047396,0.06304754663533073,0.5213577447703603,0.7627538223182575,1.3686086586301554,2.3286027994532486,3.4188442465652047,6.512962372150442,0.06152130151691953,0.7548834249371151,1.3364028964772592,2.1923757456513653,3.452234523987438,4.611450872347155,0.506139051914215,0.5156362507759156,0.5033519553072626
49,1,oracle_s1,2.5528296724905335,0.0580115005915127,0.7536011574089628,1.2246381796143393,1.8244619858525277,2.3554109808039057,2.5092433362850746,5.428468872536849,0.0638967191758479,0.5211970583375515,0.7590027382601203,1.365861783692684,2.3243681788565627,3.4200679216365173,6.511741071532812,0.06114348512873236,0.7604561334579472,1.3350631831138629,2.187413367493319,3.4492152917254937,4.610991135482375,0.5066790819168091,0.5094909993792676,0.5022315332091869
49,2,oracle_s1,2.55422327876771,0.05797977590454839,0.7531333982105695,1.2223036421884295,1.826494819079412,2.357131612905534,2.5105656214038032,5.4206889868372645,0.06429889272908935,0.5165676398385677,0.7564307957596265,1.3650514370037554,2.3227074014076026,3.4084518369019183,6.507742775478574,0.06058042690803254,0.7616701250228798,1.336680675529097,2.190460657219469,3.4520015310730097,4.60669566108934,0.5105990171432495,0.5094909993792676,0.5089354438237119
49,0,block4,2.5923950635383908,0.058891819443896966,0.8596778465910839,1.2434486233815885,1.855668312660368,2.397276594961915,2.551271051746144,5.415944244434119,0.05975181178793069,0.4349614857383521,0.7869718202437938,1.409704362194057,2.331580891783238,3.4084012171475706,6.5358681056340675,0.059795908209451264,0.8711307373343421,1.3044938291400632,2.1942518084098523,3.498669405075396,4.65827020127971,0.5083519458770752,0.5038919925512104,0.49382681564245806
49,1,block4,2.5664888871608063,0.05990025865598701,0.8878125610802512,1.285439850539771,1.8683878829234275,2.3732810225039214,2.5249730778583133,5.399503654325477,0.06157032631533458,0.48418809651922085,0.7998261239762328,1.385393709206308,2.336250572025126,3.369086409304633,6.4844159073725,0.06014084978197686,0.8805140388132642,1.3844303001922538,2.222842835355345,3.4436129745264834,4.577570009904414,0.5078243374824524,0.5072315332091869,0.4893885785226567
49,2,block4,2.607842325497382,0.05999742346955359,0.7187743418177139,1.2441350994166278,1.892938621576072,2.4151608088208882,2.565887456322943,5.444736640474722,0.06156745473875612,0.49063588481889225,0.7581057428768397,1.4316592820225733,2.3699881928857116,3.429943149790217,6.556708080799426,0.061113205310933075,0.7260618702075818,1.3624497830219513,2.300578913326294,3.5319380560761995,4.6671796852337515,0.49614214301109316,0.5145189323401614,0.5049813780260707
