run,source,original_metrics_available,scorable_ball_transitions,missing_ball_frames,wrong_color_ball_frames,extra_ball_frames,config_reference_mode,config_horizon,config_scale,config_color_tolerance,config_guide_start_step,config_threshold_factor,config_eps,config_max_guidance_updates_per_step,config_state_update_scope,config_guide_end_step,config_scale_end,config_final_guidance_scale,config_correction_scale_mode,config_gradient_path,config_gradient_normalization,config_source_revisit_policy,config_guidance_loss_space,config_reference_video_base,config_selection_seed,rollout_h1_error,rollout_h1_p95,rollout_h1_max,rollout_h5_error,rollout_h5_p95,rollout_h5_max,metric_video
h1-run-01-default,smallest-error-rollout-case2/h1-run-01-default/success-evaluation.json,False,209,0,3,0,smallest_error_direct,1,0.1,80,25,0.5,1e-06,50,,,,,,,,,,,,,,,,,,
h1-run-02-threshold0p9,smallest-error-rollout-case2/h1-run-02-threshold0p9/success-evaluation.json,False,27,37,25,36,smallest_error_direct,1,0.1,80,25,0.9,1e-06,50,,,,,,,,,,,,,,,,,,
h1-run-03-s0p03-u10,smallest-error-rollout-case2/h1-run-03-s0p03-u10/success-evaluation.json,False,149,13,2,11,smallest_error_direct,1,0.03,80,25,0.5,1e-06,10,,,,,,,,,,,,,,,,,,
h1-run-04-s0p03-t0p8-u30,smallest-error-rollout-case2/h1-run-04-s0p03-t0p8-u30/success-evaluation.json,False,14,74,34,39,smallest_error_direct,1,0.03,80,25,0.8,1e-06,30,,,,,,,,,,,,,,,,,,
h1-run-05-start40,smallest-error-rollout-case2/h1-run-05-start40/success-evaluation.json,False,77,21,34,8,smallest_error_direct,1,0.1,80,40,0.5,1e-06,50,,,,,,,,,,,,,,,,,,
h1-run-06-t0p6-u50,smallest-error-rollout-case2/h1-run-06-t0p6-u50/success-evaluation.json,False,122,16,4,15,smallest_error_direct,1,0.1,80,25,0.6,1e-06,50,,,,,,,,,,,,,,,,,,
h1-run-07-t0p55-u75,smallest-error-rollout-case2/h1-run-07-t0p55-u75/success-evaluation.json,False,126,11,8,7,smallest_error_direct,1,0.1,80,25,0.55,1e-06,75,,,,,,,,,,,,,,,,,,
h1-run-08-local-s0p03,smallest-error-rollout-case2/h1-run-08-local-s0p03/success-evaluation.json,False,120,17,4,11,smallest_error_direct,1,0.03,80,25,0.5,1e-06,50,target_slice,,,,,,,,,,,,,,,,,
h1-run-09-local-s0p01,smallest-error-rollout-case2/h1-run-09-local-s0p01/success-evaluation.json,False,60,43,1,31,smallest_error_direct,1,0.01,80,25,0.5,1e-06,50,target_slice,,,,,,,,,,,,,,,,,
h1-run-10-end45,smallest-error-rollout-case2/h1-run-10-end45/success-evaluation.json,False,204,0,3,0,smallest_error_direct,1,0.1,80,25,0.5,1e-06,50,all_future,45,,,,,,,,,,,,,,,,
h1-run-11-end46,smallest-error-rollout-case2/h1-run-11-end46/success-evaluation.json,False,209,2,0,0,smallest_error_direct,1,0.1,80,25,0.5,1e-06,50,all_future,46,,,,,,,,,,,,,,,,
h1-run-12-decay0p03,smallest-error-rollout-case2/h1-run-12-decay0p03/success-evaluation.json,False,13,51,43,39,smallest_error_direct,1,0.1,80,25,0.5,1e-06,50,all_future,,0.03,,,,,,,,,,,,,,,
h1-run-13-decay0p01,smallest-error-rollout-case2/h1-run-13-decay0p01/success-evaluation.json,False,220,0,0,0,smallest_error_direct,1,0.1,80,25,0.5,1e-06,50,all_future,,0.01,,,,,,,,,,,,,,,
h1-final-scale-0p05,smallest-error-rollout-case2/stopped-2026-09-03/h1-final-scale-0p05/success-evaluation.json,True,220,0,0,0,smallest_error_direct,1,0.7,80,25,0.5,1e-06,50,all_future,,0.2,0.05,sqrt_latent_loss,denoiser_jacobian,rms,until_threshold,encoded_latent,detected_redraw,0,0.3475556843024637,1.0088863072984011,2.0335118373861922,1.192731049615283,3.1790091799918074,4.563276156312212,smallest-error-rollout-case2/stopped-2026-09-03/h1-final-scale-0p05/guided-final.mp4
h1-final-scale-0p10,smallest-error-rollout-case2/stopped-2026-09-03/h1-final-scale-0p10/success-evaluation.json,True,220,0,0,0,smallest_error_direct,1,0.7,80,25,0.5,1e-06,50,all_future,,0.2,0.1,sqrt_latent_loss,denoiser_jacobian,rms,until_threshold,encoded_latent,detected_redraw,0,0.3194923774641326,0.9249257101362625,2.906194572277256,1.1458916508454084,2.9690984687927746,4.756194807803477,smallest-error-rollout-case2/stopped-2026-09-03/h1-final-scale-0p10/guided-final.mp4
h1-final-scale-0p15,smallest-error-rollout-case2/stopped-2026-09-03/h1-final-scale-0p15/success-evaluation.json,True,164,2,21,0,smallest_error_direct,1,0.7,80,25,0.5,1e-06,50,all_future,,0.2,0.15,sqrt_latent_loss,denoiser_jacobian,rms,until_threshold,encoded_latent,detected_redraw,0,0.5155998492241938,2.1120436102872677,3.9426335832083743,1.6175712217005371,4.233856898337446,7.679356734923797,smallest-error-rollout-case2/stopped-2026-09-03/h1-final-scale-0p15/guided-final.mp4
h1-final-scale-0p18,smallest-error-rollout-case2/stopped-2026-09-03/h1-final-scale-0p18/success-evaluation.json,True,220,0,0,0,smallest_error_direct,1,0.7,80,25,0.5,1e-06,50,all_future,,0.2,0.18,sqrt_latent_loss,denoiser_jacobian,rms,until_threshold,encoded_latent,detected_redraw,0,0.4199382282759894,1.3377895523835959,2.470374405935143,1.3790472432503482,3.8016429158199467,6.328267177488743,smallest-error-rollout-case2/stopped-2026-09-03/h1-final-scale-0p18/guided-final.mp4
h1-final-scale-0p195,smallest-error-rollout-case2/stopped-2026-09-03/h1-final-scale-0p195/success-evaluation.json,True,214,1,0,0,smallest_error_direct,1,0.7,80,25,0.5,1e-06,50,all_future,,0.2,0.195,sqrt_latent_loss,denoiser_jacobian,rms,until_threshold,encoded_latent,detected_redraw,0,0.41630993723698223,1.1014138112373073,2.706805434648526,1.419535008834686,4.4262368759204955,7.903373516192968,smallest-error-rollout-case2/stopped-2026-09-03/h1-final-scale-0p195/guided-final.mp4
h1-final-scale-0p205,smallest-error-rollout-case2/stopped-2026-09-03/h1-final-scale-0p205/success-evaluation.json,True,220,0,0,0,smallest_error_direct,1,0.7,80,25,0.5,1e-06,50,all_future,,0.2,0.205,sqrt_latent_loss,denoiser_jacobian,rms,until_threshold,encoded_latent,detected_redraw,0,0.40017675793833496,1.293686441615252,3.956518801965218,1.3078182228040198,4.083350273705603,8.203412439039944,smallest-error-rollout-case2/stopped-2026-09-03/h1-final-scale-0p205/guided-final.mp4
h1-final-scale-0p210,smallest-error-rollout-case2/stopped-2026-09-03/h1-final-scale-0p210/success-evaluation.json,True,209,2,0,0,smallest_error_direct,1,0.7,80,25,0.5,1e-06,50,all_future,,0.2,0.21,sqrt_latent_loss,denoiser_jacobian,rms,until_threshold,encoded_latent,detected_redraw,0,0.364896525487192,0.9337184789584819,2.248059459478736,1.4116018772667343,3.868961732434283,7.92149999420659,smallest-error-rollout-case2/stopped-2026-09-03/h1-final-scale-0p210/guided-final.mp4
h1-final-scale-0p22,smallest-error-rollout-case2/stopped-2026-09-03/h1-final-scale-0p22/success-evaluation.json,True,213,1,1,0,smallest_error_direct,1,0.7,80,25,0.5,1e-06,50,all_future,,0.2,0.22,sqrt_latent_loss,denoiser_jacobian,rms,until_threshold,encoded_latent,detected_redraw,0,0.38780777951906953,1.1066302086480613,1.6773077969667682,1.4748975200979813,4.40855859081465,7.726424594282461,smallest-error-rollout-case2/stopped-2026-09-03/h1-final-scale-0p22/guided-final.mp4
h1-final-scale-0p25,smallest-error-rollout-case2/stopped-2026-09-03/h1-final-scale-0p25/success-evaluation.json,True,214,1,0,0,smallest_error_direct,1,0.7,80,25,0.5,1e-06,50,all_future,,0.2,0.25,sqrt_latent_loss,denoiser_jacobian,rms,until_threshold,encoded_latent,detected_redraw,0,0.4057154811245188,1.521929820678539,2.0573573833777172,1.3584405145005203,4.183862294611393,7.626367231880197,smallest-error-rollout-case2/stopped-2026-09-03/h1-final-scale-0p25/guided-final.mp4
h1-guide-end-step-46,smallest-error-rollout-case2/stopped-2026-09-03/h1-guide-end-step-46/success-evaluation.json,True,220,0,0,0,smallest_error_direct,1,0.7,80,25,0.5,1e-06,50,all_future,46,0.2625,,sqrt_latent_loss,denoiser_jacobian,rms,until_threshold,encoded_latent,detected_redraw,0,0.3243689849619285,0.9202652967078285,2.8915214093336905,1.1512668045961456,3.5081511183670098,5.36117780420498,smallest-error-rollout-case2/stopped-2026-09-03/h1-guide-end-step-46/guided-final.mp4
h1-guide-end-step-47,smallest-error-rollout-case2/stopped-2026-09-03/h1-guide-end-step-47/success-evaluation.json,True,164,1,22,0,smallest_error_direct,1,0.7,80,25,0.5,1e-06,50,all_future,47,0.2416666667,,sqrt_latent_loss,denoiser_jacobian,rms,until_threshold,encoded_latent,detected_redraw,0,0.4445593554635206,1.217181148951561,4.022218833714125,1.2722638703540372,3.514858305884978,4.836897204709534,smallest-error-rollout-case2/stopped-2026-09-03/h1-guide-end-step-47/guided-final.mp4
h1-guide-end-step-48,smallest-error-rollout-case2/stopped-2026-09-03/h1-guide-end-step-48/success-evaluation.json,True,199,2,2,0,smallest_error_direct,1,0.7,80,25,0.5,1e-06,50,all_future,48,0.2208333333,,sqrt_latent_loss,denoiser_jacobian,rms,until_threshold,encoded_latent,detected_redraw,0,0.39690239644886904,0.9836881570309899,4.742202230943252,1.355333176758708,3.5044752571317943,7.815714564220482,smallest-error-rollout-case2/stopped-2026-09-03/h1-guide-end-step-48/guided-final.mp4
h1-selection-seed-1,smallest-error-rollout-case2/stopped-2026-09-03/h1-selection-seed-1/success-evaluation.json,True,204,0,7,0,smallest_error_direct,1,0.7,80,25,0.5,1e-06,50,all_future,,0.2,,sqrt_latent_loss,denoiser_jacobian,rms,until_threshold,encoded_latent,detected_redraw,1,0.37374940300786874,1.2215631737845682,2.2788301337813017,1.2169164216156898,3.1481904536706073,5.060014630918652,smallest-error-rollout-case2/stopped-2026-09-03/h1-selection-seed-1/guided-final.mp4
h1-selection-seed-2,smallest-error-rollout-case2/stopped-2026-09-03/h1-selection-seed-2/success-evaluation.json,True,220,0,0,0,smallest_error_direct,1,0.7,80,25,0.5,1e-06,50,all_future,,0.2,,sqrt_latent_loss,denoiser_jacobian,rms,until_threshold,encoded_latent,detected_redraw,2,0.3498369390008667,1.1205404745358123,2.5990961911022112,1.2340558636706764,2.9350679270837445,5.642446248491121,smallest-error-rollout-case2/stopped-2026-09-03/h1-selection-seed-2/guided-final.mp4
h1-selection-seed-3,smallest-error-rollout-case2/stopped-2026-09-03/h1-selection-seed-3/success-evaluation.json,True,220,0,0,0,smallest_error_direct,1,0.7,80,25,0.5,1e-06,50,all_future,,0.2,,sqrt_latent_loss,denoiser_jacobian,rms,until_threshold,encoded_latent,detected_redraw,3,0.3738983996107343,1.0780515560042072,2.5635937946613714,1.2754026615690373,3.431562552430468,6.035035864143987,smallest-error-rollout-case2/stopped-2026-09-03/h1-selection-seed-3/guided-final.mp4
h1-selection-seed-4,smallest-error-rollout-case2/stopped-2026-09-03/h1-selection-seed-4/success-evaluation.json,True,220,0,0,0,smallest_error_direct,1,0.7,80,25,0.5,1e-06,50,all_future,,0.2,,sqrt_latent_loss,denoiser_jacobian,rms,until_threshold,encoded_latent,detected_redraw,4,0.3832981416246764,0.9657090486563087,1.49398944574884,1.2756409184847668,3.16668332308214,5.414261451676369,smallest-error-rollout-case2/stopped-2026-09-03/h1-selection-seed-4/guided-final.mp4
h1-selection-seed-5,smallest-error-rollout-case2/stopped-2026-09-03/h1-selection-seed-5/success-evaluation.json,True,220,0,0,0,smallest_error_direct,1,0.7,80,25,0.5,1e-06,50,all_future,,0.2,,sqrt_latent_loss,denoiser_jacobian,rms,until_threshold,encoded_latent,detected_redraw,5,0.3220750335758807,1.0170506876664314,2.6905158464418184,1.2251895464848566,3.430760992575929,6.226925227823194,smallest-error-rollout-case2/stopped-2026-09-03/h1-selection-seed-5/guided-final.mp4
h1-selection-seed-6,smallest-error-rollout-case2/stopped-2026-09-03/h1-selection-seed-6/success-evaluation.json,True,220,0,0,0,smallest_error_direct,1,0.7,80,25,0.5,1e-06,50,all_future,,0.2,,sqrt_latent_loss,denoiser_jacobian,rms,until_threshold,encoded_latent,detected_redraw,6,0.36247388435721367,0.9595098384418842,2.542856058103539,1.2103497754024055,3.2417887409901236,5.638879268898154,smallest-error-rollout-case2/stopped-2026-09-03/h1-selection-seed-6/guided-final.mp4
h1-update-cap-48,smallest-error-rollout-case2/stopped-2026-09-03/h1-update-cap-48/success-evaluation.json,True,163,2,22,0,smallest_error_direct,1,0.7,80,25,0.5,1e-06,48,all_future,,0.2,,sqrt_latent_loss,denoiser_jacobian,rms,until_threshold,encoded_latent,detected_redraw,0,0.6205343901359661,2.4774653920702563,5.1381018316295455,1.7343999127462424,4.948682413830335,7.914598026051237,smallest-error-rollout-case2/stopped-2026-09-03/h1-update-cap-48/guided-final.mp4
h1-update-cap-49,smallest-error-rollout-case2/stopped-2026-09-03/h1-update-cap-49/success-evaluation.json,True,189,1,10,0,smallest_error_direct,1,0.7,80,25,0.5,1e-06,49,all_future,,0.2,,sqrt_latent_loss,denoiser_jacobian,rms,until_threshold,encoded_latent,detected_redraw,0,0.4529606824302855,1.2193152204201065,3.3274661683320077,1.2525880443191608,3.2977860989014416,4.61856092445612,smallest-error-rollout-case2/stopped-2026-09-03/h1-update-cap-49/guided-final.mp4
h1-update-cap-51,smallest-error-rollout-case2/stopped-2026-09-03/h1-update-cap-51/success-evaluation.json,True,214,0,1,0,smallest_error_direct,1,0.7,80,25,0.5,1e-06,51,all_future,,0.2,,sqrt_latent_loss,denoiser_jacobian,rms,until_threshold,encoded_latent,detected_redraw,0,0.34830194259466574,0.9081688253902945,2.8722008089145326,1.2362026647979718,3.4650262437851413,6.629328457042575,smallest-error-rollout-case2/stopped-2026-09-03/h1-update-cap-51/guided-final.mp4
