video,source_video,rollout_h1_error,rollout_h1_p95,rollout_h1_max,rollout_h5_error,rollout_h5_p95,rollout_h5_max,observed_frames,frames,video_sha256,simulation_metadata
best-rollout1-matched-10samples-5steps-v1/case-1/steps-10/guided-final.mp4,00000/164.mp4,0.38458222243592083,0.9934202433837734,5.229729663296056,1.37131383895513,3.8548158181055756,6.192786956517403,5,49,7567348a1533586e3c910d7986d9708b9bfccb75962db760b250f01ce917cd63,data/bounce/eval_49f_5n_0c/00000/164.npz
best-rollout1-matched-10samples-5steps-v1/case-1/steps-10/vanilla-diffusion.mp4,00000/164.mp4,0.25068235023295554,0.7522955687911383,5.281711688027903,1.194398078783817,3.7747685192655136,6.551561942557792,5,49,74b75714fa9f974739bb5b69e6725541f95ca308632cf03b233aceee616324a7,data/bounce/eval_49f_5n_0c/00000/164.npz
best-rollout1-matched-10samples-5steps-v1/case-1/steps-100/guided-final.mp4,00000/164.mp4,0.40040936067776506,1.274227514657868,3.170208210897228,1.4085692137561017,3.674660883013198,5.447591737456011,5,49,ddc21ac537f9421f2d2d28918206d1dd34ba9bf86d647eec1329786b35811878,data/bounce/eval_49f_5n_0c/00000/164.npz
best-rollout1-matched-10samples-5steps-v1/case-1/steps-100/vanilla-diffusion.mp4,00000/164.mp4,0.18803751358553966,0.6254452809985296,0.95993163378555,0.7931619846920912,2.1549433624863763,4.4804997958478,5,49,10de63e1ee1035275440c7eb985780a1d2c0e8e390631b4eb27a70c9b8e1fd21,data/bounce/eval_49f_5n_0c/00000/164.npz
best-rollout1-matched-10samples-5steps-v1/case-1/steps-20/guided-final.mp4,00000/164.mp4,0.4178915570729625,1.2487950488672792,6.234907911361108,1.3337038927021148,4.136648381879256,6.234907911361108,5,49,1ea44f888767378221b61712f77a456d5af9f7872b87d034306f7cbb6547bc2b,data/bounce/eval_49f_5n_0c/00000/164.npz
best-rollout1-matched-10samples-5steps-v1/case-1/steps-20/vanilla-diffusion.mp4,00000/164.mp4,0.24389923643304817,0.8006417349990205,5.380907505771566,0.9614129270615198,2.9360756244230544,6.15740177914633,5,49,4b73d46dc800c80003f0f74f9063db12781783b42b834ed00b68a04ea5757ac3,data/bounce/eval_49f_5n_0c/00000/164.npz
best-rollout1-matched-10samples-5steps-v1/case-1/steps-200/guided-final.mp4,00000/164.mp4,0.5639487033172214,2.367915303056227,5.110862966859774,1.7562265508254908,5.673957812468209,8.432782780803489,5,49,b5d651440692fe1631acda87e67076231376af1e74dddd15d13fd6fb94e7fc6c,data/bounce/eval_49f_5n_0c/00000/164.npz
best-rollout1-matched-10samples-5steps-v1/case-1/steps-200/vanilla-diffusion.mp4,00000/164.mp4,0.1942435591432818,0.6126038749984071,1.3558264559485322,0.7845849163610116,2.009204946995392,4.46666659593963,5,49,35dc5c32cb47771ff6c6bd0c0f6ba38c8388e3584525e3629a7ca9b56410ec32,data/bounce/eval_49f_5n_0c/00000/164.npz
best-rollout1-matched-10samples-5steps-v1/case-1/steps-50/guided-final.mp4,00000/164.mp4,0.523787714713137,1.3542758305472926,4.527834348223147,1.8442836332848018,5.469463486437325,7.577289861233985,5,49,4ef6d2aa19f345f478fbebeab63f72eb689408d81caa76375e01b71289b7ef6b,data/bounce/eval_49f_5n_0c/00000/164.npz
best-rollout1-matched-10samples-5steps-v1/case-1/steps-50/vanilla-diffusion.mp4,00000/164.mp4,0.19058312031933944,0.6140668769908323,1.7119236648321554,0.8720843318557433,2.6398543824791805,4.707324124257518,5,49,8102603395cdb8f998f7a80f0f6fba6717e886693b2e3a315bbcf101bfc57f69,data/bounce/eval_49f_5n_0c/00000/164.npz
best-rollout1-matched-10samples-5steps-v1/case-10/steps-10/guided-final.mp4,00000/221.mp4,0.3934061218223088,1.2966435851889007,2.6086547177934287,1.4588897453114549,3.71315084670852,8.071900882474527,5,49,7e5bd45b8f1dba019eb88bf3e70ac7001fa253b6b329733040ac15d3e4132530,data/bounce/eval_49f_5n_0c/00000/221.npz
best-rollout1-matched-10samples-5steps-v1/case-10/steps-10/vanilla-diffusion.mp4,00000/221.mp4,0.2736708924275939,1.1071603536665025,2.818245494357474,0.9405424586396431,2.596107771451609,6.268467509993899,5,49,101c83be32eb5192aa04218429050c2eb3383c93142380b848567a09833bd50a,data/bounce/eval_49f_5n_0c/00000/221.npz
best-rollout1-matched-10samples-5steps-v1/case-10/steps-100/guided-final.mp4,00000/221.mp4,0.6188722720114862,3.108997263021203,3.953198481063309,1.7777051753723454,4.486906936767885,8.404024338916994,5,49,50504fbf789b78a3c573998850d462f2c71bc1a46df21d80bea54edc47446063,data/bounce/eval_49f_5n_0c/00000/221.npz
best-rollout1-matched-10samples-5steps-v1/case-10/steps-100/vanilla-diffusion.mp4,00000/221.mp4,0.15332888585236468,0.44141546768920414,0.8081687586947964,0.6544097623049427,1.9077240309250478,4.527913289078955,5,49,d10039ef71b8ab0c65767239a3d9e1bfe8904ef0fc4fc06b6a5a9cf2671167be,data/bounce/eval_49f_5n_0c/00000/221.npz
best-rollout1-matched-10samples-5steps-v1/case-10/steps-20/guided-final.mp4,00000/221.mp4,0.44396834556038584,1.5366858258326972,2.2813655291078105,1.3408552689048643,3.2174860347633594,7.2919223745289985,5,49,e251a7b3e6033154e90087648f18313d7e1e8908c8718e56e2a289be377a05b8,data/bounce/eval_49f_5n_0c/00000/221.npz
best-rollout1-matched-10samples-5steps-v1/case-10/steps-20/vanilla-diffusion.mp4,00000/221.mp4,0.20385592697268187,0.5116300376504433,5.505375557268242,0.8082103092319978,2.2761277183704567,5.505375557268242,5,49,be41122a4dfe38a746185f88d93dadf2a0c4abaf5bfc4804a941558e0a4562bb,data/bounce/eval_49f_5n_0c/00000/221.npz
best-rollout1-matched-10samples-5steps-v1/case-10/steps-200/guided-final.mp4,00000/221.mp4,0.39291772368303635,1.547834084439605,2.5470623308044806,1.5186977591518138,4.482864227811416,6.582536155990654,5,49,43653b970f09a23de6744e330ed410c8ca128c97a226b2d9aa80f298878bd557,data/bounce/eval_49f_5n_0c/00000/221.npz
best-rollout1-matched-10samples-5steps-v1/case-10/steps-200/vanilla-diffusion.mp4,00000/221.mp4,0.16159932835464894,0.5226421555225462,1.084251744110533,0.7333691876296206,2.058787302474231,3.8684064281794583,5,49,3adbfafe8b6eb64b294249099e3625c8bc951d717e3acd3197da98bb17dd1ca4,data/bounce/eval_49f_5n_0c/00000/221.npz
best-rollout1-matched-10samples-5steps-v1/case-10/steps-50/guided-final.mp4,00000/221.mp4,0.4707519040800662,2.0490881170156676,3.612620392741563,1.5031777608224837,3.9689392294144206,6.338879531189156,5,49,1c8e0d701c5c41096b49661b590350681ddf54b6897119ef2af1fcbb202b086c,data/bounce/eval_49f_5n_0c/00000/221.npz
best-rollout1-matched-10samples-5steps-v1/case-10/steps-50/vanilla-diffusion.mp4,00000/221.mp4,0.13831511847778236,0.4249291209458237,0.7356270529885058,0.6374504727881117,1.5163908175124379,4.481778583666646,5,49,7e85f2bf45875acf90a21c97ebb18b62f9098d211c3db53de33d99ea57f6265f,data/bounce/eval_49f_5n_0c/00000/221.npz
best-rollout1-matched-10samples-5steps-v1/case-2/steps-10/guided-final.mp4,00000/828.mp4,0.37493980677950056,1.1499366680159024,2.2592388559690666,1.3199700679207291,3.3502024650006588,4.5084327483895565,5,49,2005a4b82bb5ffce03d11cad4f7152e95a3e5f8bd5e980f3f8da62d6b1c3eac1,data/bounce/eval_49f_5n_0c/00000/828.npz
best-rollout1-matched-10samples-5steps-v1/case-2/steps-10/vanilla-diffusion.mp4,00000/828.mp4,0.1867778725108885,0.5823226223806516,0.9176718803919023,0.8231305852018023,2.7205235574443316,5.076240651817605,5,49,6b2332e816fe4ad911f34864b90516e9bc9d6adf89dd8110ba9d78c7fd303fac,data/bounce/eval_49f_5n_0c/00000/828.npz
best-rollout1-matched-10samples-5steps-v1/case-2/steps-100/guided-final.mp4,00000/828.mp4,0.4834795860352321,1.4467493621310767,2.5392937789916696,1.729405700020495,4.159422145818637,6.288833676539706,5,49,0634357b6d82c16561b516d3081b4673ae6aa6e799ea24a1895aa42bbf173c40,data/bounce/eval_49f_5n_0c/00000/828.npz
best-rollout1-matched-10samples-5steps-v1/case-2/steps-100/vanilla-diffusion.mp4,00000/828.mp4,0.1700389077133851,0.5372295438130557,1.0860797718448014,0.7353761579307324,2.4253473107540233,5.674893763782891,5,49,0ecb8afe7d3b77c073537c7f2f4c5f3042e0ac5ba4ef1c3fb39d4430fde84fff,data/bounce/eval_49f_5n_0c/00000/828.npz
best-rollout1-matched-10samples-5steps-v1/case-2/steps-20/guided-final.mp4,00000/828.mp4,0.36787337441417645,1.0329332946822218,1.8969720315185996,1.2342981312107202,3.7252123265009356,4.963174804703553,5,49,0f921daeee71f949f28b9f600915b2b4bf692b607c2e80e4178b52b8af2ce17e,data/bounce/eval_49f_5n_0c/00000/828.npz
best-rollout1-matched-10samples-5steps-v1/case-2/steps-20/vanilla-diffusion.mp4,00000/828.mp4,0.17777955652607358,0.647945606685249,0.9871164566172591,0.7717980581992498,2.407382616514501,4.853772526939809,5,49,3bd2fb10e58634ea792f0fac202732deac3266c275bf562d97f5b853c8147a64,data/bounce/eval_49f_5n_0c/00000/828.npz
best-rollout1-matched-10samples-5steps-v1/case-2/steps-200/guided-final.mp4,00000/828.mp4,0.5021864635622653,1.5732324181918147,4.089013722193361,1.829274362894198,4.5413254543297805,8.305702448713017,5,49,cca471653a79a694fe665ecec9ba89e457722260a65b08c0648514ef44dec2a1,data/bounce/eval_49f_5n_0c/00000/828.npz
best-rollout1-matched-10samples-5steps-v1/case-2/steps-200/vanilla-diffusion.mp4,00000/828.mp4,0.1779798369185832,0.5475288500799722,1.4664326063881923,0.7375007016374295,2.0460514415079682,5.284333917854892,5,49,461a35676a59bdf868c52da6e0553574b43a97e4a5d5ec3e43bd6dd9575fba73,data/bounce/eval_49f_5n_0c/00000/828.npz
best-rollout1-matched-10samples-5steps-v1/case-2/steps-50/guided-final.mp4,00000/828.mp4,0.8620812544964475,3.535955698191469,4.877502203181317,2.4957923494153795,5.7595085870283365,7.956553928266478,5,49,82b6048a6efc7e280bb6e69cee80dc0e47cba008b4f64053342d9d8684f4aa83,data/bounce/eval_49f_5n_0c/00000/828.npz
best-rollout1-matched-10samples-5steps-v1/case-2/steps-50/vanilla-diffusion.mp4,00000/828.mp4,0.16474552311708296,0.47736605647412517,1.1985310162190896,0.6973093841190956,1.905218355372963,5.308451653651525,5,49,9e63fc4ed2b44811e13590b3aecf42dacb348df42a03ae99f5f9de4d45e10879,data/bounce/eval_49f_5n_0c/00000/828.npz
best-rollout1-matched-10samples-5steps-v1/case-3/steps-10/guided-final.mp4,00000/037.mp4,0.34463730984101437,0.9358367761130786,2.2960255503706946,1.2023625035215049,3.092796005775138,6.908300068408929,5,49,bbd97077914d3986a62257b0f73071ec57ab1c873877d5982807fdfc7f1ad5bc,data/bounce/eval_49f_5n_0c/00000/037.npz
best-rollout1-matched-10samples-5steps-v1/case-3/steps-10/vanilla-diffusion.mp4,00000/037.mp4,0.15538912378396,0.5238832682816361,1.1916010856605421,0.64993161684857,2.0317543871343724,4.670832174922922,5,49,15562de0b1f9b4165e2c4c870211e7f279a44aeed2e54a0e2c8da0ddfcc0ca05,data/bounce/eval_49f_5n_0c/00000/037.npz
best-rollout1-matched-10samples-5steps-v1/case-3/steps-100/guided-final.mp4,00000/037.mp4,0.5036386687416626,1.6403672477138418,3.590285489845021,1.5899607836119511,4.129956932602863,8.298112940836019,5,49,ec316dfa92dca67ec10fa02bfc2812df41557731a949151c2d2997b051d85d49,data/bounce/eval_49f_5n_0c/00000/037.npz
best-rollout1-matched-10samples-5steps-v1/case-3/steps-100/vanilla-diffusion.mp4,00000/037.mp4,0.17666219855188245,0.6085616562023507,1.231157726053232,0.6875893637602575,1.9757475648980767,3.4782806902781105,5,49,ac232f884ee8569131f096e0e3fa2e4cb2042b0bf8aece6c5464f0807f52711e,data/bounce/eval_49f_5n_0c/00000/037.npz
best-rollout1-matched-10samples-5steps-v1/case-3/steps-20/guided-final.mp4,00000/037.mp4,0.35746967063992113,1.0117905648166738,2.4897967020548073,1.1937398290086312,3.3506529996501184,4.617525354740547,5,49,43309b4ef5ba7168534601edb6d217d8472097c662c0d90967eb9d161cf541cd,data/bounce/eval_49f_5n_0c/00000/037.npz
best-rollout1-matched-10samples-5steps-v1/case-3/steps-20/vanilla-diffusion.mp4,00000/037.mp4,0.14613315892153636,0.43616843597165084,0.9302448484541996,0.6675578948989255,2.123023827683896,3.6553583838503347,5,49,d64e574720b1fa8d67b1a03f9e37b92dad38c852786eaa02f44dbb1cec2ccb30,data/bounce/eval_49f_5n_0c/00000/037.npz
best-rollout1-matched-10samples-5steps-v1/case-3/steps-200/guided-final.mp4,00000/037.mp4,0.39450835557858305,1.0647346154248343,2.4303312100072434,1.4848609515546611,3.6508014762190415,5.972097971084979,5,49,16d4e84ff6b56520ca48bc3cae64a1d047ec8c7767574c574a35aee2492e3bc7,data/bounce/eval_49f_5n_0c/00000/037.npz
best-rollout1-matched-10samples-5steps-v1/case-3/steps-200/vanilla-diffusion.mp4,00000/037.mp4,0.14177602005013157,0.49563817657399584,0.9692634091645824,0.629809853708509,2.050315385764342,3.608317818017823,5,49,d9088680017395dd237835b9a9ff38fcffc89a96a94cc21cf26bd3978084e54c,data/bounce/eval_49f_5n_0c/00000/037.npz
best-rollout1-matched-10samples-5steps-v1/case-3/steps-50/guided-final.mp4,00000/037.mp4,0.3971843783166339,1.2031832628060137,3.6682292017856044,1.5297503970426394,4.2338361527129535,7.354678403279401,5,49,2c45c3296635717ed9ed44af6f600f9bef0c10a2c92b212d2d5204f6d823ed15,data/bounce/eval_49f_5n_0c/00000/037.npz
best-rollout1-matched-10samples-5steps-v1/case-3/steps-50/vanilla-diffusion.mp4,00000/037.mp4,0.16454396443607403,0.5570314708243168,1.2174379608128627,0.6905937288169567,2.0604597667417868,3.810717841765417,5,49,edb035cfcf0d67369f4797d7e4da850f75c2e4fe20b77aec75da7abd928568a1,data/bounce/eval_49f_5n_0c/00000/037.npz
best-rollout1-matched-10samples-5steps-v1/case-4/steps-10/guided-final.mp4,00000/871.mp4,0.5114208097373183,2.1761541699277522,5.86727664793904,1.5979847210391445,5.617538822963338,8.479180650641634,5,49,b313f8d91112531ea00dbb5cb9feaec44a07909fa409fccc15dafe61e7b2a29e,data/bounce/eval_49f_5n_0c/00000/871.npz
best-rollout1-matched-10samples-5steps-v1/case-4/steps-10/vanilla-diffusion.mp4,00000/871.mp4,0.29781447353061385,1.1481078573679488,3.1309462987489027,1.072313688261109,3.415362145186053,7.123993613786825,5,49,28484eeac8f1fc732473e63b6286aebff52d437cbaef859ef95cd1e54ef746d6,data/bounce/eval_49f_5n_0c/00000/871.npz
best-rollout1-matched-10samples-5steps-v1/case-4/steps-100/guided-final.mp4,00000/871.mp4,0.9141622486798362,3.509421386665968,9.086510253147,2.027957698022171,5.9287100275836035,8.81869457020559,5,49,12db12897a0a85dad630b88ae074e0f4c630d7c9cf026b6c9d7b9ef166e67f5b,data/bounce/eval_49f_5n_0c/00000/871.npz
best-rollout1-matched-10samples-5steps-v1/case-4/steps-100/vanilla-diffusion.mp4,00000/871.mp4,0.23277600383226546,0.6804585489533458,3.39862432758383,0.9303966765961801,2.929459469852004,6.03129810506583,5,49,292bff9a89475a820efe4fc2684fb6764bbbcfe1e057d3d109d6b96f4a4480a2,data/bounce/eval_49f_5n_0c/00000/871.npz
best-rollout1-matched-10samples-5steps-v1/case-4/steps-20/guided-final.mp4,00000/871.mp4,0.4691700617498167,2.094061080000072,5.428187034911797,1.5235916279923851,5.434328892310476,7.227930063808848,5,49,a3ed4710e2dcd2dfb6fce48802256baddbd02e0b76594f71f39d313f94360a1a,data/bounce/eval_49f_5n_0c/00000/871.npz
best-rollout1-matched-10samples-5steps-v1/case-4/steps-20/vanilla-diffusion.mp4,00000/871.mp4,0.24317251059824765,0.7501447806400546,3.3962460064490054,0.9426129806550713,3.1591091896383,5.122806839982755,5,49,cd43a8f6253481713dc27b26559ac18689804990cba2df41f47fb524237ab39e,data/bounce/eval_49f_5n_0c/00000/871.npz
best-rollout1-matched-10samples-5steps-v1/case-4/steps-200/guided-final.mp4,00000/871.mp4,0.8892199526430947,3.6511504498785396,7.411928678328468,2.1567780326720536,6.149290645100388,8.407255315796979,5,49,cfe5015cee1b6b36d9a88dcbb4e15f5baa505297a2484fa86407fb3536b52125,data/bounce/eval_49f_5n_0c/00000/871.npz
best-rollout1-matched-10samples-5steps-v1/case-4/steps-200/vanilla-diffusion.mp4,00000/871.mp4,0.26870465035601504,0.9690079384068888,3.6825647713796035,0.9236091143710728,3.204921806165333,6.4559125290984225,5,49,35e09f06505fedf7f85c834a61edd30947610ad8efdc5452b673e7dc6c517c75,data/bounce/eval_49f_5n_0c/00000/871.npz
best-rollout1-matched-10samples-5steps-v1/case-4/steps-50/guided-final.mp4,00000/871.mp4,0.5391414559933692,2.518789317419009,5.011302248547822,1.730938914797499,5.521511995696032,9.00050967174828,5,49,7fb9af2bdba58c116e59a73f44f02733b6b9b73a34b9dcf690de1fb4619215f7,data/bounce/eval_49f_5n_0c/00000/871.npz
best-rollout1-matched-10samples-5steps-v1/case-4/steps-50/vanilla-diffusion.mp4,00000/871.mp4,0.26975925026901376,0.906694734487115,4.282148317797424,0.8758597999902734,3.161054884963332,6.384409218633771,5,49,363d46eed739defe95d8f630a519f3cf8038d3a083fcdac91a46eefec36bb2f7,data/bounce/eval_49f_5n_0c/00000/871.npz
best-rollout1-matched-10samples-5steps-v1/case-5/steps-10/guided-final.mp4,00000/066.mp4,0.8678500233102088,3.4863436663661607,6.90618986508808,2.3433406948269107,6.236970082686903,9.038092166570538,5,49,915300c0d748fe40bc6f2d2f86ad5e25d01fecec17279273fc060a0f8c0ad0dd,data/bounce/eval_49f_5n_0c/00000/066.npz
best-rollout1-matched-10samples-5steps-v1/case-5/steps-10/vanilla-diffusion.mp4,00000/066.mp4,0.7463756897250364,3.640956451720831,7.304184191421613,1.7577943135669083,5.9093219500412895,8.585292462996492,5,49,205bfd9c772e0f8d43caf57926863f4240e1dba68ba9989349e39cbdc25d0ac1,data/bounce/eval_49f_5n_0c/00000/066.npz
best-rollout1-matched-10samples-5steps-v1/case-5/steps-100/guided-final.mp4,00000/066.mp4,0.7082706275752423,2.7627372910337153,5.41557601870565,1.9910397237068924,5.365422725530832,8.173336824522455,5,49,e19b93172f4430365c714fd42a17260743bd42d17b9dfe8c3069c18f4f6d34d3,data/bounce/eval_49f_5n_0c/00000/066.npz
best-rollout1-matched-10samples-5steps-v1/case-5/steps-100/vanilla-diffusion.mp4,00000/066.mp4,0.268589924221475,1.1040844511005135,2.804449154867456,0.9586883298065747,2.756847249258927,6.0187193889997035,5,49,fd0f3b60d6a189a16c6bfc5c529ecce6b672cd75cad4b83ac29f25dbe26456e7,data/bounce/eval_49f_5n_0c/00000/066.npz
best-rollout1-matched-10samples-5steps-v1/case-5/steps-20/guided-final.mp4,00000/066.mp4,0.9852705848075201,3.8827673100795908,6.786190377063306,2.3280656199035064,6.210223848428907,10.698905615208496,5,49,740e65c9e3e5653195c79cc164a861fa9a01551e9261942cecd7731a320599ea,data/bounce/eval_49f_5n_0c/00000/066.npz
best-rollout1-matched-10samples-5steps-v1/case-5/steps-20/vanilla-diffusion.mp4,00000/066.mp4,0.2550414764976449,0.810550345288557,3.0534393844779615,1.0850191309642836,3.084755985463155,5.980888636922455,5,49,94c570ec45cdf4e476f7e28d12bb0761c603da2faeb32c75bd9a7c15d9a6ed67,data/bounce/eval_49f_5n_0c/00000/066.npz
best-rollout1-matched-10samples-5steps-v1/case-5/steps-200/guided-final.mp4,00000/066.mp4,0.4921475756068357,1.3191912940628039,3.6557794349331165,1.510882938947206,4.031516762500791,6.487203950142041,5,49,9cecc788caaea5e54da2cfdff545fbd7e49bccf753d5cb7173dfad7cf8ac359b,data/bounce/eval_49f_5n_0c/00000/066.npz
best-rollout1-matched-10samples-5steps-v1/case-5/steps-200/vanilla-diffusion.mp4,00000/066.mp4,0.2599159592697932,0.933193789437748,4.400056914650627,0.8418322830568502,2.4590853792817082,5.71206531974769,5,49,413aa96122e627a3a30cd9d568be693ff37df9610203e67ce936ead2b95a4138,data/bounce/eval_49f_5n_0c/00000/066.npz
best-rollout1-matched-10samples-5steps-v1/case-5/steps-50/guided-final.mp4,00000/066.mp4,0.5227342360682921,1.6015375257861817,3.319824424737631,1.7600401722710302,5.2695157682527904,7.945100705680743,5,49,44b9db8017606b5e0e948ca46a25acf75274e1d6c9c95d4cd20f7c74e150ee4e,data/bounce/eval_49f_5n_0c/00000/066.npz
best-rollout1-matched-10samples-5steps-v1/case-5/steps-50/vanilla-diffusion.mp4,00000/066.mp4,0.22270099990988754,0.9205212108699693,3.1372527915343214,0.9293092096556708,3.1488146400060772,6.2311042965743395,5,49,6813f5a4b5bc8bdf49178e5939be9842c450e385ec27b4398622a5af4d712205,data/bounce/eval_49f_5n_0c/00000/066.npz
best-rollout1-matched-10samples-5steps-v1/case-6/steps-10/guided-final.mp4,00000/704.mp4,0.4783839649189743,1.2525100518822783,3.461293526755263,1.71958922435081,4.331312656238153,7.375232118502108,5,49,d522e893ece94e3e8b9c54163913be6c5dc9eeb554ad8c47ad7bebaccaaafbbb,data/bounce/eval_49f_5n_0c/00000/704.npz
best-rollout1-matched-10samples-5steps-v1/case-6/steps-10/vanilla-diffusion.mp4,00000/704.mp4,0.2480315661101842,0.7143084223244744,2.171461677957601,1.1601601525830447,2.8614680969502215,6.70875626542351,5,49,523ef97a55f124afdb61852f8c43283eea2cf7bf216d874632d43f9b13356699,data/bounce/eval_49f_5n_0c/00000/704.npz
best-rollout1-matched-10samples-5steps-v1/case-6/steps-100/guided-final.mp4,00000/704.mp4,0.6001244596425379,1.5145861395944151,6.791513571076727,1.908114883841735,5.159512451293836,7.890774639992476,5,49,133dc890cbb73c8ff2e0f1e65a71c73e2b008708237688419e82e1cd7b8f24bf,data/bounce/eval_49f_5n_0c/00000/704.npz
best-rollout1-matched-10samples-5steps-v1/case-6/steps-100/vanilla-diffusion.mp4,00000/704.mp4,0.3230139945209558,1.0699068419956228,5.3931683314876855,1.3879211039582517,4.406844578249158,7.323928912376343,5,49,1538b2458ce8b26bb5f1302c41cf29b2c3c2ed470859495e807698569aa72e1b,data/bounce/eval_49f_5n_0c/00000/704.npz
best-rollout1-matched-10samples-5steps-v1/case-6/steps-20/guided-final.mp4,00000/704.mp4,0.553319104881896,2.1323446924066483,3.758426030139005,1.7534395884122278,5.030237118965116,7.694934730917259,5,49,695a9e882e3056008c0bc9c29fdd42b0ed754126da639014201d9e3b048185f2,data/bounce/eval_49f_5n_0c/00000/704.npz
best-rollout1-matched-10samples-5steps-v1/case-6/steps-20/vanilla-diffusion.mp4,00000/704.mp4,0.22220459095600395,0.9155898309002365,1.577470036006857,1.0142496390817601,3.4080280487578998,4.981255278083377,5,49,11dbfa6a97ed75c111e8c1638aac07dfda016fc63ae7af9d6d350299caac33fe,data/bounce/eval_49f_5n_0c/00000/704.npz
best-rollout1-matched-10samples-5steps-v1/case-6/steps-200/guided-final.mp4,00000/704.mp4,0.3738924709429755,1.128559914292852,2.606398977027038,1.3845504303571565,3.50551591055733,5.625916763966989,5,49,980479f56dba23e1f3ba6e5d83215dfc94643a41a7557f4d168fac71c81398cd,data/bounce/eval_49f_5n_0c/00000/704.npz
best-rollout1-matched-10samples-5steps-v1/case-6/steps-200/vanilla-diffusion.mp4,00000/704.mp4,0.1779436424613288,0.5136827461761532,0.9639004586947226,0.8448331116261215,2.1919159162984148,3.5741211608729198,5,49,b9a7a6321b6e784d876eddded78f1a99a29618211c59dd0e0a924573a10c4792,data/bounce/eval_49f_5n_0c/00000/704.npz
best-rollout1-matched-10samples-5steps-v1/case-6/steps-50/guided-final.mp4,00000/704.mp4,0.7815373373499052,2.7346341412983852,5.153651711142119,2.265978123585401,5.089865458451687,9.087653901729952,5,49,80d5d69c58e27a3724826b33650d5dc33a99fc4d28e316a6b5748180b67624f7,data/bounce/eval_49f_5n_0c/00000/704.npz
best-rollout1-matched-10samples-5steps-v1/case-6/steps-50/vanilla-diffusion.mp4,00000/704.mp4,0.40098360681090034,1.7115332076816248,5.62738560319684,1.3982378987872495,5.228402550464532,6.473531542997379,5,49,1408b9e10c4f13ad9a83765ddd5c25e804af36f75db9ec5218f548ae59c65d1c,data/bounce/eval_49f_5n_0c/00000/704.npz
best-rollout1-matched-10samples-5steps-v1/case-7/steps-10/guided-final.mp4,00000/967.mp4,0.4488665629397887,1.3247587411723911,4.659916055439834,1.7462128231042762,4.667474308774828,9.120302847290613,5,49,5e82b16ceb5cc9cb673c501bd405aa3b45f11fd48962722aeb8ce610231fec94,data/bounce/eval_49f_5n_0c/00000/967.npz
best-rollout1-matched-10samples-5steps-v1/case-7/steps-10/vanilla-diffusion.mp4,00000/967.mp4,0.29639637533339497,0.8843635102159418,6.097489624574309,1.3251652192916152,4.392738600893276,8.423826937663735,5,49,9a02e1b0394b01f59fbb9093becef35d9ec447de9143f5363318cadc2ead8350,data/bounce/eval_49f_5n_0c/00000/967.npz
best-rollout1-matched-10samples-5steps-v1/case-7/steps-100/guided-final.mp4,00000/967.mp4,0.5391631955971219,1.875473329238134,6.042409330839897,1.7559861484801806,4.865539598496809,6.780013098615613,5,49,798cd607c688b2e174a18e86be6b7d7234f56a6f80bf5dbaa6729a2a39b385f9,data/bounce/eval_49f_5n_0c/00000/967.npz
best-rollout1-matched-10samples-5steps-v1/case-7/steps-100/vanilla-diffusion.mp4,00000/967.mp4,0.23295242000295568,0.8984248842339073,2.2583790783202082,0.8581143187271513,2.6423395583558964,4.620443101162983,5,49,2e23e7749ec42f2678e76bd5bbc5497117fa51a9f02da605736a9803234f684a,data/bounce/eval_49f_5n_0c/00000/967.npz
best-rollout1-matched-10samples-5steps-v1/case-7/steps-20/guided-final.mp4,00000/967.mp4,0.45227555171595796,1.3016505365731945,5.554158377097786,1.6549229515826203,5.066544768512895,9.03640887883658,5,49,205d0441d0c16a70d7e629237e8fe6432e585166d2f66a492417f41620f907eb,data/bounce/eval_49f_5n_0c/00000/967.npz
best-rollout1-matched-10samples-5steps-v1/case-7/steps-20/vanilla-diffusion.mp4,00000/967.mp4,0.24016723594791822,0.6952631587730738,4.98183874038418,1.144232511035671,3.49085689529039,6.371673007568826,5,49,3e9980ba55713279db4a6b03928cac0ae0c8c4cb44e439199107ac3dadb98f75,data/bounce/eval_49f_5n_0c/00000/967.npz
best-rollout1-matched-10samples-5steps-v1/case-7/steps-200/guided-final.mp4,00000/967.mp4,0.7184063213636666,2.1923321347088183,7.177722650318203,2.14301185449338,5.969007125193571,8.046924184265624,5,49,be28c8589525023cbb3c29c7b715d8809b4b147ebfd913b31f4ac80f5ad0a0a1,data/bounce/eval_49f_5n_0c/00000/967.npz
best-rollout1-matched-10samples-5steps-v1/case-7/steps-200/vanilla-diffusion.mp4,00000/967.mp4,0.4060021822873998,2.298080960472837,4.853775950408005,1.327011004329514,5.166732650608386,7.688276546764931,5,49,541f4001db609f001f160ea3a588ba60d9813536c22ca37ed58a64043387edf8,data/bounce/eval_49f_5n_0c/00000/967.npz
best-rollout1-matched-10samples-5steps-v1/case-7/steps-50/guided-final.mp4,00000/967.mp4,0.774308806836048,3.3671130915470373,9.075891507301922,2.038660767115263,6.709153078905902,9.075891507301922,5,49,886c3bd30ee197c8b0156d419cede194f7e295595241fbaf1eeca05617d1fb93,data/bounce/eval_49f_5n_0c/00000/967.npz
best-rollout1-matched-10samples-5steps-v1/case-7/steps-50/vanilla-diffusion.mp4,00000/967.mp4,0.23133459730451478,0.6272571548266034,4.432083992721822,1.0675233710874834,3.406986536490041,7.070407319317321,5,49,de62a99f5ebc8de924f7b1dbddb33333703e5950b713292fe1cf0f9e16d5dae1,data/bounce/eval_49f_5n_0c/00000/967.npz
best-rollout1-matched-10samples-5steps-v1/case-8/steps-10/guided-final.mp4,00001/016.mp4,0.7214034948568784,1.8875806253725536,3.7582793424932577,2.1989181523919092,6.556065265086641,8.16368725775128,5,49,bd9af01d00bc56c132ed5886903ffefa0b7027c4f3c6c264fc9471132bd29ed9,data/bounce/eval_49f_5n_0c/00001/016.npz
best-rollout1-matched-10samples-5steps-v1/case-8/steps-10/vanilla-diffusion.mp4,00001/016.mp4,0.4507563837224534,1.275527950297584,2.4462011803423844,1.5525383055537465,4.303994148303316,7.081217465666079,5,49,f62c02dd12e6d7330f942536c8d1d563837eaf16302d884c480e97be8367c349,data/bounce/eval_49f_5n_0c/00001/016.npz
best-rollout1-matched-10samples-5steps-v1/case-8/steps-100/guided-final.mp4,00001/016.mp4,0.4548519137635673,2.0544865205137715,3.67439182301425,1.6442257557875797,4.770125838048679,6.830611788692704,5,49,b0f42d163bac8ed7dfc37745fa57c464e2f7b793c73c1b0609fe5e1bacc48c57,data/bounce/eval_49f_5n_0c/00001/016.npz
best-rollout1-matched-10samples-5steps-v1/case-8/steps-100/vanilla-diffusion.mp4,00001/016.mp4,0.17621826141944452,0.4901438909632648,1.0439353761948909,0.792122593000737,1.9075685932953252,3.1490913584357005,5,49,caea73ab10fab3a355417c2457e7333c2d78ed14cd91abf4f35deba73bc5c27c,data/bounce/eval_49f_5n_0c/00001/016.npz
best-rollout1-matched-10samples-5steps-v1/case-8/steps-20/guided-final.mp4,00001/016.mp4,0.6086185229864096,1.5579675368292816,2.6889572491875033,2.034715841644013,5.299693086878013,7.124799690508051,5,49,05092ec7a9dfbb9c004441b5dea4cc689e0a02cd91d3907c40bc123b4c867344,data/bounce/eval_49f_5n_0c/00001/016.npz
best-rollout1-matched-10samples-5steps-v1/case-8/steps-20/vanilla-diffusion.mp4,00001/016.mp4,0.18832150969834488,0.6234445914302096,1.0325154848068057,0.8307067814993999,2.013674150627916,3.957187597905793,5,49,579a671ce85c693b8cb1716ea1c4887022afff0007e88d2a5d00f602aae403db,data/bounce/eval_49f_5n_0c/00001/016.npz
best-rollout1-matched-10samples-5steps-v1/case-8/steps-200/guided-final.mp4,00001/016.mp4,0.43274075773510473,1.6451700303082846,3.932152566024814,1.5368592980922202,4.070731714797213,8.057587671102674,5,49,6c1e7f2610af6cebd57a524b30e91ea49dac05d2ec5ba966f69cfe113925af14,data/bounce/eval_49f_5n_0c/00001/016.npz
best-rollout1-matched-10samples-5steps-v1/case-8/steps-200/vanilla-diffusion.mp4,00001/016.mp4,0.1860786528459472,0.5119578626040396,1.1517358041687253,0.8130102224486466,1.9373334029768388,3.4564290240287443,5,49,483d919b244140a8d4b95a80c6047802ec0096cdd1b216be54d9f45758e093b3,data/bounce/eval_49f_5n_0c/00001/016.npz
best-rollout1-matched-10samples-5steps-v1/case-8/steps-50/guided-final.mp4,00001/016.mp4,0.49790975080796973,1.8945748442805512,3.0613921686393004,1.7482757003332754,5.650134327900614,7.465640158859471,5,49,407c5c71487ce319b008f84fbd6558c4a2a1cc331c628b7666f99655e2420c6c,data/bounce/eval_49f_5n_0c/00001/016.npz
best-rollout1-matched-10samples-5steps-v1/case-8/steps-50/vanilla-diffusion.mp4,00001/016.mp4,0.16474802704551497,0.45642921979824375,1.11448692359604,0.7455569134451782,1.747307602909146,3.432530984754469,5,49,d46d6e9275c32edb4d342f59c5196412afc33a7e492b36177915ace616f92e2d,data/bounce/eval_49f_5n_0c/00001/016.npz
best-rollout1-matched-10samples-5steps-v1/case-9/steps-10/guided-final.mp4,00000/927.mp4,0.49934750967426844,2.1729232410133137,5.4385920825464265,1.4183012403743422,4.880007019464746,8.055613747949204,5,49,3e83539b8d9c9b9cd9e22f6ae6e7ccca0b36635be81b8e5c7d8a3cada1a80835,data/bounce/eval_49f_5n_0c/00000/927.npz
best-rollout1-matched-10samples-5steps-v1/case-9/steps-10/vanilla-diffusion.mp4,00000/927.mp4,0.38216977121273715,1.8541563050848073,4.034336227946885,1.3259854736318666,5.352673369905049,8.519875680885196,5,49,07b2cb5da8c2732c6d1dfbb61a0feece59f75f9c15c0f5cb05a8e5db9a8d1209,data/bounce/eval_49f_5n_0c/00000/927.npz
best-rollout1-matched-10samples-5steps-v1/case-9/steps-100/guided-final.mp4,00000/927.mp4,0.7566621882942153,3.6598268307444304,7.7326594267603594,2.2653682439925698,7.111774968421752,8.180598210953733,5,49,a6faeda6161150ffecd4769b2643b832315a544a3eb1b2b9889f48c176fcb97d,data/bounce/eval_49f_5n_0c/00000/927.npz
best-rollout1-matched-10samples-5steps-v1/case-9/steps-100/vanilla-diffusion.mp4,00000/927.mp4,0.2376161496868732,0.9276666792290744,1.7263739528685065,1.0253282653349245,3.4670113731747483,8.922916218042243,5,49,f117749de0c49f61d1639b311b89ed41ec134af724c784fd0d26a77be38f8eb4,data/bounce/eval_49f_5n_0c/00000/927.npz
best-rollout1-matched-10samples-5steps-v1/case-9/steps-20/guided-final.mp4,00000/927.mp4,0.55470881560786,2.1364987705374885,5.876452270511929,1.6655927487102022,5.783494288675127,7.965595682055016,5,49,acb13d71bf0648cb1bb9fe035204479614b0f4b206f4bdb4802e0dba449f1d0c,data/bounce/eval_49f_5n_0c/00000/927.npz
best-rollout1-matched-10samples-5steps-v1/case-9/steps-20/vanilla-diffusion.mp4,00000/927.mp4,0.34618377818715745,1.2682108133077648,4.024300803577321,1.3541721065173393,4.491030530243966,6.823307088067153,5,49,3d8f91a9f2a4e737fc0bc0708c01aa9bee21d3b10df9bc08f394c5eba61ade3a,data/bounce/eval_49f_5n_0c/00000/927.npz
best-rollout1-matched-10samples-5steps-v1/case-9/steps-200/guided-final.mp4,00000/927.mp4,0.7564547583320957,3.285467356026152,6.604910086418627,2.0143449043102977,6.649821527590465,7.898402246227254,5,49,0e87a6385efef605e29942c941ffec46b54360ce7d18a8e12e50838e5ac10fc8,data/bounce/eval_49f_5n_0c/00000/927.npz
best-rollout1-matched-10samples-5steps-v1/case-9/steps-200/vanilla-diffusion.mp4,00000/927.mp4,0.412774397366211,2.312133755028414,3.5722112953130845,1.3992700693024491,5.2636894572813535,9.262990021828205,5,49,f98b4d9b634ac2825eaaac6885b4460fc360d82702b845c258f96c3be4244d93,data/bounce/eval_49f_5n_0c/00000/927.npz
best-rollout1-matched-10samples-5steps-v1/case-9/steps-50/guided-final.mp4,00000/927.mp4,0.8057532286185941,3.7862436490648435,7.763748385647485,1.9579223879342045,7.027339458788123,8.812096720872809,5,49,9da76d4c4968020614a8d6afb5239702fcc37ce8aba76464c85763a94b2d37ae,data/bounce/eval_49f_5n_0c/00000/927.npz
best-rollout1-matched-10samples-5steps-v1/case-9/steps-50/vanilla-diffusion.mp4,00000/927.mp4,0.3694750219579905,1.5282829773161097,3.9940676261209465,1.4537135551877032,5.383070761941549,7.70325830342264,5,49,6db570d0984dbcf8576b3e9b2804a2cdfe89071a12dbc3fbfb2778906d3cc683,data/bounce/eval_49f_5n_0c/00000/927.npz
guidance-experiments-report/rollout-smallest-error-results-so-far-assets/ground-truth.mp4,00000/828.mp4,0.016226402314621444,0.034757426624580486,0.04305892282577445,0.07866525029745074,0.1735486981611222,0.8859421002100343,5,49,b6c24c20a49a47e93f60e2cf525379ba1b9c744ccae3c15d9b8cab6800490e8b,data/bounce/eval_49f_5n_0c/00000/828.npz
guidance-experiments-report/rollout-smallest-error-results-so-far-assets/h1-best.mp4,00000/828.mp4,0.3654509870598068,1.0233993920350988,3.145802930374106,1.2949210001123892,3.940824262228823,5.43680967242224,5,49,c283ab4bb86adcb4a136054fe58aa3341aa4aed1bc7b4102da7435146b151109,data/bounce/eval_49f_5n_0c/00000/828.npz
guidance-experiments-report/rollout-smallest-error-results-so-far-assets/vanilla.mp4,00000/828.mp4,0.4315891408963208,1.1886894920494715,2.6334957069727194,1.41108825345082,4.085127445044916,7.666154133298876,5,49,c1e09c3742ae5ace249b804278ae6e78fe45ab938d98a9f7dcef48d4088c297d,data/bounce/eval_49f_5n_0c/00000/828.npz
rollout1-all-ball-tracker-case2-full-trace-v3/guided-final.mp4,00000/828.mp4,0.42026872893495076,1.1658762426132876,2.944200815251196,1.392571681691139,3.5925246403020754,6.874099022501019,5,49,e36eb33f902fe4ce2c46d7f2bd450900964e66948e03f85a46e43b7441d4ccfa,data/bounce/eval_49f_5n_0c/00000/828.npz
rollout1-all-ball-tracker-case2-full-trace-v3/vanilla-diffusion.mp4,00000/828.mp4,0.4315891408963208,1.1886894920494715,2.6334957069727194,1.41108825345082,4.085127445044916,7.666154133298876,5,49,c1e09c3742ae5ace249b804278ae6e78fe45ab938d98a9f7dcef48d4088c297d,data/bounce/eval_49f_5n_0c/00000/828.npz
rollout1-single-source-5cases/case-1/guided-final.mp4,00000/164.mp4,0.3936383965094765,1.1723640858126516,4.791131451383627,1.3558949354556722,3.9877096077006624,6.852137344848349,5,49,67011cd6694604542e4338eb87b4826e307b892e682b5decd1fec0ef4550d730,data/bounce/eval_49f_5n_0c/00000/164.npz
rollout1-single-source-5cases/case-1/vanilla-diffusion.mp4,00000/164.mp4,0.348152258145308,1.1409600847174397,1.6275444203868146,1.2994590009126972,3.909833703666226,6.01440425958677,5,49,0fa97bf2c6e72cf6c5816f9f9bc70bd2c325b7d567c5e0910896a8c9ffa80703,data/bounce/eval_49f_5n_0c/00000/164.npz
rollout1-single-source-5cases/case-2/guided-final.mp4,00000/828.mp4,0.42661624610804255,1.2291205277760346,2.7860712021377734,1.5293950158223564,4.3611508206910505,8.505582439768165,5,49,c9a84bbe1006c88f8113ba86336a0fe24606700e17e19959bcf704e09ad8aa53,data/bounce/eval_49f_5n_0c/00000/828.npz
rollout1-single-source-5cases/case-2/vanilla-diffusion.mp4,00000/828.mp4,0.4315891408963208,1.1886894920494715,2.6334957069727194,1.41108825345082,4.085127445044916,7.666154133298876,5,49,c1e09c3742ae5ace249b804278ae6e78fe45ab938d98a9f7dcef48d4088c297d,data/bounce/eval_49f_5n_0c/00000/828.npz
rollout1-single-source-5cases/case-3/guided-final.mp4,00000/037.mp4,0.37132488764455107,1.176653524426489,2.9470981674146044,1.3089762460615522,3.7742978134935607,5.742313623913779,5,49,d06622361c99a340618cbf4c92f0135a94c7e78a5f61f27779f03974beb36150,data/bounce/eval_49f_5n_0c/00000/037.npz
rollout1-single-source-5cases/case-3/vanilla-diffusion.mp4,00000/037.mp4,0.36531239340351584,1.0010844407933552,2.979493446976441,1.2368238949031716,3.3511859435541504,6.449156611573195,5,49,3e8b9e29a1c31a76a478dd8d16f99c30e24bcf3124e07c536aad091758621d98,data/bounce/eval_49f_5n_0c/00000/037.npz
rollout1-single-source-5cases/case-4/guided-final.mp4,00000/871.mp4,0.49276465783583023,1.4578813258189767,5.441541927595653,1.470299251190314,5.000065774398687,7.528268239790487,5,49,acf0b0c7adf5ed80f14138ebbf3f58049c5a37981ea300d146f0c368f9ca3279,data/bounce/eval_49f_5n_0c/00000/871.npz
rollout1-single-source-5cases/case-4/vanilla-diffusion.mp4,00000/871.mp4,0.47630039629279614,1.613384818888707,5.050567175499735,1.4565934196512722,4.350435889284215,7.087687433075667,5,49,62acbd26998bf46711e6eaae35485349c14df553aa114ad56788fc39b8bdec27,data/bounce/eval_49f_5n_0c/00000/871.npz
rollout1-single-source-5cases/case-5/guided-final.mp4,00000/066.mp4,0.4815464681523127,1.3743403524595186,6.441893090267925,1.8372689205780288,5.149650846500921,7.419805044813194,5,49,32e0a21cd4f654bc4c8793948881cc18fbc2101ffba338d6937aeb3e51b875ab,data/bounce/eval_49f_5n_0c/00000/066.npz
rollout1-single-source-5cases/case-5/vanilla-diffusion.mp4,00000/066.mp4,0.5052730456668403,1.321459593465263,6.251645755678128,1.6777511646473051,4.998754555667025,7.518360910020333,5,49,92a16ba5d85615b878e0d01ff4120fc6318acb35fe4c3f87508462de474eec54,data/bounce/eval_49f_5n_0c/00000/066.npz
smallest-error-rollout-case2/h1-best-u100/guided-final.mp4,00000/828.mp4,0.4422505477408589,1.6682205900281772,2.8867289688958344,1.5621695412554062,4.209696395328609,7.996348183189331,5,49,669d5bac8a3eb27c1b0efb68d61e0570cd5f8def1e8aba90255f5e0b64a1da7e,data/bounce/eval_49f_5n_0c/00000/828.npz
smallest-error-rollout-case2/h1-best-u200/guided-final.mp4,00000/828.mp4,0.5199028001529176,1.8003782232109966,4.382427465621843,1.7376704267837402,4.94838975538866,7.147127992475822,5,49,0a9d8d2e77c0c0368a444f414ffb58a6af19cacc2b314fdc55012d8e1957fc6f,data/bounce/eval_49f_5n_0c/00000/828.npz
smallest-error-rollout-case2/h1-best-u500/guided-final.mp4,00000/828.mp4,0.4851862807370218,1.5915663708197505,3.8113243781128037,1.7595725699729718,4.927875143117954,6.847929998542454,5,49,84ce381eb73b9b9c4930f7a47be66f5c62ec990f40f10e414b45f139791ca8eb,data/bounce/eval_49f_5n_0c/00000/828.npz
smallest-error-rollout-case2/h1-best-u75/guided-final.mp4,00000/828.mp4,0.42390998332404284,1.3151394767737283,3.753525966390971,1.39005166342661,4.841484593382989,7.115398415534689,5,49,59ba80e3008a7ba0c5529b86f896fad9325d1b288b552244022025756c512b1d,data/bounce/eval_49f_5n_0c/00000/828.npz
smallest-error-rollout-case2/stopped-2026-09-03/h1-final-scale-0p05/guided-final.mp4,00000/828.mp4,0.3475556843024637,1.0088863072984011,2.0335118373861922,1.192731049615283,3.1790091799918074,4.563276156312212,5,49,327e920103c8552c7a5bea9fc47f16124bc253e44231b4ebb7058fc295fc5588,data/bounce/eval_49f_5n_0c/00000/828.npz
smallest-error-rollout-case2/stopped-2026-09-03/h1-final-scale-0p10/guided-final.mp4,00000/828.mp4,0.3194923774641326,0.9249257101362625,2.906194572277256,1.1458916508454084,2.9690984687927746,4.756194807803477,5,49,d1dac1748c29cfb3571a77c3678b2358abb838371e76324c0c6bc49628bb3471,data/bounce/eval_49f_5n_0c/00000/828.npz
smallest-error-rollout-case2/stopped-2026-09-03/h1-final-scale-0p15/guided-final.mp4,00000/828.mp4,0.5155998492241938,2.1120436102872677,3.9426335832083743,1.6175712217005371,4.233856898337446,7.679356734923797,5,49,8404de2404f67618df41191ea07809977a7d6725d61c5771b7aa60b59b3e271d,data/bounce/eval_49f_5n_0c/00000/828.npz
smallest-error-rollout-case2/stopped-2026-09-03/h1-final-scale-0p18/guided-final.mp4,00000/828.mp4,0.4199382282759894,1.3377895523835959,2.470374405935143,1.3790472432503482,3.8016429158199467,6.328267177488743,5,49,981a6de3843425bdfff088d71a71e441fb7b7589cde47a61b39cf32ce3f5f876,data/bounce/eval_49f_5n_0c/00000/828.npz
smallest-error-rollout-case2/stopped-2026-09-03/h1-final-scale-0p195/guided-final.mp4,00000/828.mp4,0.41630993723698223,1.1014138112373073,2.706805434648526,1.419535008834686,4.4262368759204955,7.903373516192968,5,49,e71e34b3f00d139ae7a7b7fa242f8e58e38cd1f09a48fd93ef060575e3ef4aa2,data/bounce/eval_49f_5n_0c/00000/828.npz
smallest-error-rollout-case2/stopped-2026-09-03/h1-final-scale-0p205/guided-final.mp4,00000/828.mp4,0.40017675793833496,1.293686441615252,3.956518801965218,1.3078182228040198,4.083350273705603,8.203412439039944,5,49,ef46e54727f152a1540a9d408fd589f4b57b6df5d4feb79bb2f5df4b7954b0ca,data/bounce/eval_49f_5n_0c/00000/828.npz
smallest-error-rollout-case2/stopped-2026-09-03/h1-final-scale-0p210/guided-final.mp4,00000/828.mp4,0.364896525487192,0.9337184789584819,2.248059459478736,1.4116018772667343,3.868961732434283,7.92149999420659,5,49,054a6936fd7701d179cecb01c1c216a048e3caece1bae8c43f98be897ef6d4c6,data/bounce/eval_49f_5n_0c/00000/828.npz
smallest-error-rollout-case2/stopped-2026-09-03/h1-final-scale-0p22/guided-final.mp4,00000/828.mp4,0.38780777951906953,1.1066302086480613,1.6773077969667682,1.4748975200979813,4.40855859081465,7.726424594282461,5,49,b6130f2ea62f67d07e347b7f1a5b2383da8632dc0070969751fcb55d30f79581,data/bounce/eval_49f_5n_0c/00000/828.npz
smallest-error-rollout-case2/stopped-2026-09-03/h1-final-scale-0p25/guided-final.mp4,00000/828.mp4,0.4057154811245188,1.521929820678539,2.0573573833777172,1.3584405145005203,4.183862294611393,7.626367231880197,5,49,bbcc1b179b14baaf2f7eb4e8a8e4d8a93d05ea0dc2a0983f91e1cd41e0b07da1,data/bounce/eval_49f_5n_0c/00000/828.npz
smallest-error-rollout-case2/stopped-2026-09-03/h1-guide-end-step-46/guided-final.mp4,00000/828.mp4,0.3243689849619285,0.9202652967078285,2.8915214093336905,1.1512668045961456,3.5081511183670098,5.36117780420498,5,49,c1a8e59bd02a3ddebab8bb263839054c9db0ad75d55492dac1510f71bf271c39,data/bounce/eval_49f_5n_0c/00000/828.npz
smallest-error-rollout-case2/stopped-2026-09-03/h1-guide-end-step-47/guided-final.mp4,00000/828.mp4,0.4445593554635206,1.217181148951561,4.022218833714125,1.2722638703540372,3.514858305884978,4.836897204709534,5,49,74e663c300c7eca70e2ced9353932a9bc3d7525146239d1b4fbe8c3d1a6f3688,data/bounce/eval_49f_5n_0c/00000/828.npz
smallest-error-rollout-case2/stopped-2026-09-03/h1-guide-end-step-48/guided-final.mp4,00000/828.mp4,0.39690239644886904,0.9836881570309899,4.742202230943252,1.355333176758708,3.5044752571317943,7.815714564220482,5,49,22bc599b9a4d1135ef0985f430dbe3ce6b606517f7226a19d59d4ef43721e850,data/bounce/eval_49f_5n_0c/00000/828.npz
smallest-error-rollout-case2/stopped-2026-09-03/h1-selection-seed-1/guided-final.mp4,00000/828.mp4,0.37374940300786874,1.2215631737845682,2.2788301337813017,1.2169164216156898,3.1481904536706073,5.060014630918652,5,49,deb897c7d710a1c5ea459eda14ef597cb531247b42477dbec0f3f00ce1962fea,data/bounce/eval_49f_5n_0c/00000/828.npz
smallest-error-rollout-case2/stopped-2026-09-03/h1-selection-seed-2/guided-final.mp4,00000/828.mp4,0.3498369390008667,1.1205404745358123,2.5990961911022112,1.2340558636706764,2.9350679270837445,5.642446248491121,5,49,3fbc6aceb199ef94d2efa92ccac5bee0747720163015a6bbd60080b96b67248a,data/bounce/eval_49f_5n_0c/00000/828.npz
smallest-error-rollout-case2/stopped-2026-09-03/h1-selection-seed-3/guided-final.mp4,00000/828.mp4,0.3738983996107343,1.0780515560042072,2.5635937946613714,1.2754026615690373,3.431562552430468,6.035035864143987,5,49,4f6ab5a823a52dda47fc4c111828ab23a724cc7b3ff973acac83b2df23b50bfe,data/bounce/eval_49f_5n_0c/00000/828.npz
smallest-error-rollout-case2/stopped-2026-09-03/h1-selection-seed-4/guided-final.mp4,00000/828.mp4,0.3832981416246764,0.9657090486563087,1.49398944574884,1.2756409184847668,3.16668332308214,5.414261451676369,5,49,dc8d6f009e5b29d772ac31a6d99e1a6d5c81792236c5815479e795f0746cde7d,data/bounce/eval_49f_5n_0c/00000/828.npz
smallest-error-rollout-case2/stopped-2026-09-03/h1-selection-seed-5/guided-final.mp4,00000/828.mp4,0.3220750335758807,1.0170506876664314,2.6905158464418184,1.2251895464848566,3.430760992575929,6.226925227823194,5,49,fdabcc340b4bc894e7f5c8d47deff7a3405372b647affdaf2cfe858359b20149,data/bounce/eval_49f_5n_0c/00000/828.npz
smallest-error-rollout-case2/stopped-2026-09-03/h1-selection-seed-6/guided-final.mp4,00000/828.mp4,0.36247388435721367,0.9595098384418842,2.542856058103539,1.2103497754024055,3.2417887409901236,5.638879268898154,5,49,c24b0d4394d68f88ed51c3d1705bc31d612aca796bbdbcf445be4218fadb055c,data/bounce/eval_49f_5n_0c/00000/828.npz
smallest-error-rollout-case2/stopped-2026-09-03/h1-update-cap-48/guided-final.mp4,00000/828.mp4,0.6205343901359661,2.4774653920702563,5.1381018316295455,1.7343999127462424,4.948682413830335,7.914598026051237,5,49,2f1b9933c8b060d119ee9013b24e1d11718ebe2eb51b4612cb7ad820c4686da9,data/bounce/eval_49f_5n_0c/00000/828.npz
smallest-error-rollout-case2/stopped-2026-09-03/h1-update-cap-49/guided-final.mp4,00000/828.mp4,0.4529606824302855,1.2193152204201065,3.3274661683320077,1.2525880443191608,3.2977860989014416,4.61856092445612,5,49,8865ede786b457a976e8227fb148a5edc6624b393b4cc17883484dbc89c6d887,data/bounce/eval_49f_5n_0c/00000/828.npz
smallest-error-rollout-case2/stopped-2026-09-03/h1-update-cap-51/guided-final.mp4,00000/828.mp4,0.34830194259466574,0.9081688253902945,2.8722008089145326,1.2362026647979718,3.4650262437851413,6.629328457042575,5,49,a04426c83eb10a61ab9d1556f97b76fb7482ba6ab4d86bb6e7bca8fe30cb9d1c,data/bounce/eval_49f_5n_0c/00000/828.npz
