case,video,steps,source,num_applied_updates,num_gradient_calls,num_model_calls,vanilla_rollout_h1_error,vanilla_rollout_h1_p95,vanilla_rollout_h1_max,vanilla_rollout_h5_error,vanilla_rollout_h5_p95,vanilla_rollout_h5_max,vanilla_scorable_ball_transitions,vanilla_missing_ball_frames,vanilla_wrong_color_ball_frames,vanilla_extra_ball_frames,vanilla_metric_video,guided_rollout_h1_error,guided_rollout_h1_p95,guided_rollout_h1_max,guided_rollout_h5_error,guided_rollout_h5_p95,guided_rollout_h5_max,guided_scorable_ball_transitions,guided_missing_ball_frames,guided_wrong_color_ball_frames,guided_extra_ball_frames,guided_metric_video
1,00000/164.mp4,10,best-rollout1-matched-10samples-5steps-v1/case-1/steps-10/diagnostics.json,0,0,10,0.25068235023295554,0.7522955687911383,5.281711688027903,1.194398078783817,3.7747685192655136,6.551561942557792,124,20,0,11,best-rollout1-matched-10samples-5steps-v1/case-1/steps-10/vanilla-diffusion.mp4,0.38458222243592083,0.9934202433837734,5.229729663296056,1.37131383895513,3.8548158181055756,6.192786956517403,124,20,0,11,best-rollout1-matched-10samples-5steps-v1/case-1/steps-10/guided-final.mp4
2,00000/828.mp4,10,best-rollout1-matched-10samples-5steps-v1/case-2/steps-10/diagnostics.json,0,0,10,0.1867778725108885,0.5823226223806516,0.9176718803919023,0.8231305852018023,2.7205235574443316,5.076240651817605,220,0,0,0,best-rollout1-matched-10samples-5steps-v1/case-2/steps-10/vanilla-diffusion.mp4,0.37493980677950056,1.1499366680159024,2.2592388559690666,1.3199700679207291,3.3502024650006588,4.5084327483895565,220,0,0,0,best-rollout1-matched-10samples-5steps-v1/case-2/steps-10/guided-final.mp4
3,00000/037.mp4,10,best-rollout1-matched-10samples-5steps-v1/case-3/steps-10/diagnostics.json,0,0,10,0.15538912378396,0.5238832682816361,1.1916010856605421,0.64993161684857,2.0317543871343724,4.670832174922922,220,0,0,0,best-rollout1-matched-10samples-5steps-v1/case-3/steps-10/vanilla-diffusion.mp4,0.34463730984101437,0.9358367761130786,2.2960255503706946,1.2023625035215049,3.092796005775138,6.908300068408929,220,0,0,0,best-rollout1-matched-10samples-5steps-v1/case-3/steps-10/guided-final.mp4
4,00000/871.mp4,10,best-rollout1-matched-10samples-5steps-v1/case-4/steps-10/diagnostics.json,0,0,10,0.29781447353061385,1.1481078573679488,3.1309462987489027,1.072313688261109,3.415362145186053,7.123993613786825,214,0,1,0,best-rollout1-matched-10samples-5steps-v1/case-4/steps-10/vanilla-diffusion.mp4,0.5114208097373183,2.1761541699277522,5.86727664793904,1.5979847210391445,5.617538822963338,8.479180650641634,214,0,1,0,best-rollout1-matched-10samples-5steps-v1/case-4/steps-10/guided-final.mp4
5,00000/066.mp4,10,best-rollout1-matched-10samples-5steps-v1/case-5/steps-10/diagnostics.json,0,0,10,0.7463756897250364,3.640956451720831,7.304184191421613,1.7577943135669083,5.9093219500412895,8.585292462996492,143,25,22,10,best-rollout1-matched-10samples-5steps-v1/case-5/steps-10/vanilla-diffusion.mp4,0.8678500233102088,3.4863436663661607,6.90618986508808,2.3433406948269107,6.236970082686903,9.038092166570538,54,26,54,10,best-rollout1-matched-10samples-5steps-v1/case-5/steps-10/guided-final.mp4
6,00000/704.mp4,10,best-rollout1-matched-10samples-5steps-v1/case-6/steps-10/diagnostics.json,0,0,10,0.2480315661101842,0.7143084223244744,2.171461677957601,1.1601601525830447,2.8614680969502215,6.70875626542351,70,23,1,30,best-rollout1-matched-10samples-5steps-v1/case-6/steps-10/vanilla-diffusion.mp4,0.4783839649189743,1.2525100518822783,3.461293526755263,1.71958922435081,4.331312656238153,7.375232118502108,175,0,0,8,best-rollout1-matched-10samples-5steps-v1/case-6/steps-10/guided-final.mp4
7,00000/967.mp4,10,best-rollout1-matched-10samples-5steps-v1/case-7/steps-10/diagnostics.json,0,0,10,0.29639637533339497,0.8843635102159418,6.097489624574309,1.3251652192916152,4.392738600893276,8.423826937663735,144,3,39,0,best-rollout1-matched-10samples-5steps-v1/case-7/steps-10/vanilla-diffusion.mp4,0.4488665629397887,1.3247587411723911,4.659916055439834,1.7462128231042762,4.667474308774828,9.120302847290613,144,15,16,14,best-rollout1-matched-10samples-5steps-v1/case-7/steps-10/guided-final.mp4
8,00001/016.mp4,10,best-rollout1-matched-10samples-5steps-v1/case-8/steps-10/diagnostics.json,0,0,10,0.4507563837224534,1.275527950297584,2.4462011803423844,1.5525383055537465,4.303994148303316,7.081217465666079,59,33,16,16,best-rollout1-matched-10samples-5steps-v1/case-8/steps-10/vanilla-diffusion.mp4,0.7214034948568784,1.8875806253725536,3.7582793424932577,2.1989181523919092,6.556065265086641,8.16368725775128,59,33,16,16,best-rollout1-matched-10samples-5steps-v1/case-8/steps-10/guided-final.mp4
9,00000/927.mp4,10,best-rollout1-matched-10samples-5steps-v1/case-9/steps-10/diagnostics.json,0,0,10,0.38216977121273715,1.8541563050848073,4.034336227946885,1.3259854736318666,5.352673369905049,8.519875680885196,220,0,0,0,best-rollout1-matched-10samples-5steps-v1/case-9/steps-10/vanilla-diffusion.mp4,0.49934750967426844,2.1729232410133137,5.4385920825464265,1.4183012403743422,4.880007019464746,8.055613747949204,214,0,1,0,best-rollout1-matched-10samples-5steps-v1/case-9/steps-10/guided-final.mp4
10,00000/221.mp4,10,best-rollout1-matched-10samples-5steps-v1/case-10/steps-10/diagnostics.json,0,0,10,0.2736708924275939,1.1071603536665025,2.818245494357474,0.9405424586396431,2.596107771451609,6.268467509993899,199,0,5,0,best-rollout1-matched-10samples-5steps-v1/case-10/steps-10/vanilla-diffusion.mp4,0.3934061218223088,1.2966435851889007,2.6086547177934287,1.4588897453114549,3.71315084670852,8.071900882474527,220,0,0,0,best-rollout1-matched-10samples-5steps-v1/case-10/steps-10/guided-final.mp4
1,00000/164.mp4,20,best-rollout1-matched-10samples-5steps-v1/case-1/steps-20/diagnostics.json,0,0,20,0.24389923643304817,0.8006417349990205,5.380907505771566,0.9614129270615198,2.9360756244230544,6.15740177914633,184,1,14,0,best-rollout1-matched-10samples-5steps-v1/case-1/steps-20/vanilla-diffusion.mp4,0.4178915570729625,1.2487950488672792,6.234907911361108,1.3337038927021148,4.136648381879256,6.234907911361108,184,1,14,0,best-rollout1-matched-10samples-5steps-v1/case-1/steps-20/guided-final.mp4
2,00000/828.mp4,20,best-rollout1-matched-10samples-5steps-v1/case-2/steps-20/diagnostics.json,0,0,20,0.17777955652607358,0.647945606685249,0.9871164566172591,0.7717980581992498,2.407382616514501,4.853772526939809,220,0,0,0,best-rollout1-matched-10samples-5steps-v1/case-2/steps-20/vanilla-diffusion.mp4,0.36787337441417645,1.0329332946822218,1.8969720315185996,1.2342981312107202,3.7252123265009356,4.963174804703553,220,0,0,0,best-rollout1-matched-10samples-5steps-v1/case-2/steps-20/guided-final.mp4
3,00000/037.mp4,20,best-rollout1-matched-10samples-5steps-v1/case-3/steps-20/diagnostics.json,0,0,20,0.14613315892153636,0.43616843597165084,0.9302448484541996,0.6675578948989255,2.123023827683896,3.6553583838503347,220,0,0,0,best-rollout1-matched-10samples-5steps-v1/case-3/steps-20/vanilla-diffusion.mp4,0.35746967063992113,1.0117905648166738,2.4897967020548073,1.1937398290086312,3.3506529996501184,4.617525354740547,195,0,0,4,best-rollout1-matched-10samples-5steps-v1/case-3/steps-20/guided-final.mp4
4,00000/871.mp4,20,best-rollout1-matched-10samples-5steps-v1/case-4/steps-20/diagnostics.json,0,0,20,0.24317251059824765,0.7501447806400546,3.3962460064490054,0.9426129806550713,3.1591091896383,5.122806839982755,210,0,0,1,best-rollout1-matched-10samples-5steps-v1/case-4/steps-20/vanilla-diffusion.mp4,0.4691700617498167,2.094061080000072,5.428187034911797,1.5235916279923851,5.434328892310476,7.227930063808848,210,0,0,1,best-rollout1-matched-10samples-5steps-v1/case-4/steps-20/guided-final.mp4
5,00000/066.mp4,20,best-rollout1-matched-10samples-5steps-v1/case-5/steps-20/diagnostics.json,0,0,20,0.2550414764976449,0.810550345288557,3.0534393844779615,1.0850191309642836,3.084755985463155,5.980888636922455,199,4,1,4,best-rollout1-matched-10samples-5steps-v1/case-5/steps-20/vanilla-diffusion.mp4,0.9852705848075201,3.8827673100795908,6.786190377063306,2.3280656199035064,6.210223848428907,10.698905615208496,124,0,39,0,best-rollout1-matched-10samples-5steps-v1/case-5/steps-20/guided-final.mp4
6,00000/704.mp4,20,best-rollout1-matched-10samples-5steps-v1/case-6/steps-20/diagnostics.json,0,0,20,0.22220459095600395,0.9155898309002365,1.577470036006857,1.0142496390817601,3.4080280487578998,4.981255278083377,170,0,0,9,best-rollout1-matched-10samples-5steps-v1/case-6/steps-20/vanilla-diffusion.mp4,0.553319104881896,2.1323446924066483,3.758426030139005,1.7534395884122278,5.030237118965116,7.694934730917259,175,0,0,8,best-rollout1-matched-10samples-5steps-v1/case-6/steps-20/guided-final.mp4
7,00000/967.mp4,20,best-rollout1-matched-10samples-5steps-v1/case-7/steps-20/diagnostics.json,0,0,20,0.24016723594791822,0.6952631587730738,4.98183874038418,1.144232511035671,3.49085689529039,6.371673007568826,174,9,1,6,best-rollout1-matched-10samples-5steps-v1/case-7/steps-20/vanilla-diffusion.mp4,0.45227555171595796,1.3016505365731945,5.554158377097786,1.6549229515826203,5.066544768512895,9.03640887883658,138,3,31,0,best-rollout1-matched-10samples-5steps-v1/case-7/steps-20/guided-final.mp4
8,00001/016.mp4,20,best-rollout1-matched-10samples-5steps-v1/case-8/steps-20/diagnostics.json,0,0,20,0.18832150969834488,0.6234445914302096,1.0325154848068057,0.8307067814993999,2.013674150627916,3.957187597905793,204,0,4,0,best-rollout1-matched-10samples-5steps-v1/case-8/steps-20/vanilla-diffusion.mp4,0.6086185229864096,1.5579675368292816,2.6889572491875033,2.034715841644013,5.299693086878013,7.124799690508051,59,33,16,15,best-rollout1-matched-10samples-5steps-v1/case-8/steps-20/guided-final.mp4
9,00000/927.mp4,20,best-rollout1-matched-10samples-5steps-v1/case-9/steps-20/diagnostics.json,0,0,20,0.34618377818715745,1.2682108133077648,4.024300803577321,1.3541721065173393,4.491030530243966,6.823307088067153,220,0,0,0,best-rollout1-matched-10samples-5steps-v1/case-9/steps-20/vanilla-diffusion.mp4,0.55470881560786,2.1364987705374885,5.876452270511929,1.6655927487102022,5.783494288675127,7.965595682055016,220,0,0,0,best-rollout1-matched-10samples-5steps-v1/case-9/steps-20/guided-final.mp4
10,00000/221.mp4,20,best-rollout1-matched-10samples-5steps-v1/case-10/steps-20/diagnostics.json,0,0,20,0.20385592697268187,0.5116300376504433,5.505375557268242,0.8082103092319978,2.2761277183704567,5.505375557268242,194,4,1,0,best-rollout1-matched-10samples-5steps-v1/case-10/steps-20/vanilla-diffusion.mp4,0.44396834556038584,1.5366858258326972,2.2813655291078105,1.3408552689048643,3.2174860347633594,7.2919223745289985,194,1,4,0,best-rollout1-matched-10samples-5steps-v1/case-10/steps-20/guided-final.mp4
1,00000/164.mp4,50,best-rollout1-matched-10samples-5steps-v1/case-1/steps-50/diagnostics.json,1875,1875,1925,0.19058312031933944,0.6140668769908323,1.7119236648321554,0.8720843318557433,2.6398543824791805,4.707324124257518,204,3,4,0,best-rollout1-matched-10samples-5steps-v1/case-1/steps-50/vanilla-diffusion.mp4,0.523787714713137,1.3542758305472926,4.527834348223147,1.8442836332848018,5.469463486437325,7.577289861233985,181,5,3,0,best-rollout1-matched-10samples-5steps-v1/case-1/steps-50/guided-final.mp4
2,00000/828.mp4,50,best-rollout1-matched-10samples-5steps-v1/case-2/steps-50/diagnostics.json,1875,1875,1925,0.16474552311708296,0.47736605647412517,1.1985310162190896,0.6973093841190956,1.905218355372963,5.308451653651525,220,0,0,0,best-rollout1-matched-10samples-5steps-v1/case-2/steps-50/vanilla-diffusion.mp4,0.8620812544964475,3.535955698191469,4.877502203181317,2.4957923494153795,5.7595085870283365,7.956553928266478,9,56,30,38,best-rollout1-matched-10samples-5steps-v1/case-2/steps-50/guided-final.mp4
3,00000/037.mp4,50,best-rollout1-matched-10samples-5steps-v1/case-3/steps-50/diagnostics.json,1875,1875,1925,0.16454396443607403,0.5570314708243168,1.2174379608128627,0.6905937288169567,2.0604597667417868,3.810717841765417,220,0,0,0,best-rollout1-matched-10samples-5steps-v1/case-3/steps-50/vanilla-diffusion.mp4,0.3971843783166339,1.2031832628060137,3.6682292017856044,1.5297503970426394,4.2338361527129535,7.354678403279401,19,41,0,40,best-rollout1-matched-10samples-5steps-v1/case-3/steps-50/guided-final.mp4
4,00000/871.mp4,50,best-rollout1-matched-10samples-5steps-v1/case-4/steps-50/diagnostics.json,1875,1875,1925,0.26975925026901376,0.906694734487115,4.282148317797424,0.8758597999902734,3.161054884963332,6.384409218633771,209,0,3,0,best-rollout1-matched-10samples-5steps-v1/case-4/steps-50/vanilla-diffusion.mp4,0.5391414559933692,2.518789317419009,5.011302248547822,1.730938914797499,5.521511995696032,9.00050967174828,207,0,3,0,best-rollout1-matched-10samples-5steps-v1/case-4/steps-50/guided-final.mp4
5,00000/066.mp4,50,best-rollout1-matched-10samples-5steps-v1/case-5/steps-50/diagnostics.json,1875,1875,1925,0.22270099990988754,0.9205212108699693,3.1372527915343214,0.9293092096556708,3.1488146400060772,6.2311042965743395,214,1,0,0,best-rollout1-matched-10samples-5steps-v1/case-5/steps-50/vanilla-diffusion.mp4,0.5227342360682921,1.6015375257861817,3.319824424737631,1.7600401722710302,5.2695157682527904,7.945100705680743,220,0,0,0,best-rollout1-matched-10samples-5steps-v1/case-5/steps-50/guided-final.mp4
6,00000/704.mp4,50,best-rollout1-matched-10samples-5steps-v1/case-6/steps-50/diagnostics.json,1875,1875,1925,0.40098360681090034,1.7115332076816248,5.62738560319684,1.3982378987872495,5.228402550464532,6.473531542997379,114,22,0,20,best-rollout1-matched-10samples-5steps-v1/case-6/steps-50/vanilla-diffusion.mp4,0.7815373373499052,2.7346341412983852,5.153651711142119,2.265978123585401,5.089865458451687,9.087653901729952,8,111,22,39,best-rollout1-matched-10samples-5steps-v1/case-6/steps-50/guided-final.mp4
7,00000/967.mp4,50,best-rollout1-matched-10samples-5steps-v1/case-7/steps-50/diagnostics.json,1875,1875,1925,0.23133459730451478,0.6272571548266034,4.432083992721822,1.0675233710874834,3.406986536490041,7.070407319317321,169,9,3,7,best-rollout1-matched-10samples-5steps-v1/case-7/steps-50/vanilla-diffusion.mp4,0.774308806836048,3.3671130915470373,9.075891507301922,2.038660767115263,6.709153078905902,9.075891507301922,72,28,22,25,best-rollout1-matched-10samples-5steps-v1/case-7/steps-50/guided-final.mp4
8,00001/016.mp4,50,best-rollout1-matched-10samples-5steps-v1/case-8/steps-50/diagnostics.json,1875,1875,1925,0.16474802704551497,0.45642921979824375,1.11448692359604,0.7455569134451782,1.747307602909146,3.432530984754469,220,0,0,0,best-rollout1-matched-10samples-5steps-v1/case-8/steps-50/vanilla-diffusion.mp4,0.49790975080796973,1.8945748442805512,3.0613921686393004,1.7482757003332754,5.650134327900614,7.465640158859471,4,77,3,42,best-rollout1-matched-10samples-5steps-v1/case-8/steps-50/guided-final.mp4
9,00000/927.mp4,50,best-rollout1-matched-10samples-5steps-v1/case-9/steps-50/diagnostics.json,1875,1875,1925,0.3694750219579905,1.5282829773161097,3.9940676261209465,1.4537135551877032,5.383070761941549,7.70325830342264,220,0,0,0,best-rollout1-matched-10samples-5steps-v1/case-9/steps-50/vanilla-diffusion.mp4,0.8057532286185941,3.7862436490648435,7.763748385647485,1.9579223879342045,7.027339458788123,8.812096720872809,149,14,4,10,best-rollout1-matched-10samples-5steps-v1/case-9/steps-50/guided-final.mp4
10,00000/221.mp4,50,best-rollout1-matched-10samples-5steps-v1/case-10/steps-50/diagnostics.json,1875,1875,1925,0.13831511847778236,0.4249291209458237,0.7356270529885058,0.6374504727881117,1.5163908175124379,4.481778583666646,220,0,0,0,best-rollout1-matched-10samples-5steps-v1/case-10/steps-50/vanilla-diffusion.mp4,0.4707519040800662,2.0490881170156676,3.612620392741563,1.5031777608224837,3.9689392294144206,6.338879531189156,45,35,0,35,best-rollout1-matched-10samples-5steps-v1/case-10/steps-50/guided-final.mp4
1,00000/164.mp4,100,best-rollout1-matched-10samples-5steps-v1/case-1/steps-100/diagnostics.json,5625,5625,5725,0.18803751358553966,0.6254452809985296,0.95993163378555,0.7931619846920912,2.1549433624863763,4.4804997958478,199,0,3,1,best-rollout1-matched-10samples-5steps-v1/case-1/steps-100/vanilla-diffusion.mp4,0.40040936067776506,1.274227514657868,3.170208210897228,1.4085692137561017,3.674660883013198,5.447591737456011,220,0,0,0,best-rollout1-matched-10samples-5steps-v1/case-1/steps-100/guided-final.mp4
2,00000/828.mp4,100,best-rollout1-matched-10samples-5steps-v1/case-2/steps-100/diagnostics.json,5580,5580,5680,0.1700389077133851,0.5372295438130557,1.0860797718448014,0.7353761579307324,2.4253473107540233,5.674893763782891,220,0,0,0,best-rollout1-matched-10samples-5steps-v1/case-2/steps-100/vanilla-diffusion.mp4,0.4834795860352321,1.4467493621310767,2.5392937789916696,1.729405700020495,4.159422145818637,6.288833676539706,9,42,5,39,best-rollout1-matched-10samples-5steps-v1/case-2/steps-100/guided-final.mp4
3,00000/037.mp4,100,best-rollout1-matched-10samples-5steps-v1/case-3/steps-100/diagnostics.json,5625,5625,5725,0.17666219855188245,0.6085616562023507,1.231157726053232,0.6875893637602575,1.9757475648980767,3.4782806902781105,220,0,0,0,best-rollout1-matched-10samples-5steps-v1/case-3/steps-100/vanilla-diffusion.mp4,0.5036386687416626,1.6403672477138418,3.590285489845021,1.5899607836119511,4.129956932602863,8.298112940836019,7,56,33,34,best-rollout1-matched-10samples-5steps-v1/case-3/steps-100/guided-final.mp4
4,00000/871.mp4,100,best-rollout1-matched-10samples-5steps-v1/case-4/steps-100/diagnostics.json,5625,5625,5725,0.23277600383226546,0.6804585489533458,3.39862432758383,0.9303966765961801,2.929459469852004,6.03129810506583,210,0,0,1,best-rollout1-matched-10samples-5steps-v1/case-4/steps-100/vanilla-diffusion.mp4,0.9141622486798362,3.509421386665968,9.086510253147,2.027957698022171,5.9287100275836035,8.81869457020559,119,15,3,19,best-rollout1-matched-10samples-5steps-v1/case-4/steps-100/guided-final.mp4
5,00000/066.mp4,100,best-rollout1-matched-10samples-5steps-v1/case-5/steps-100/diagnostics.json,5625,5625,5725,0.268589924221475,1.1040844511005135,2.804449154867456,0.9586883298065747,2.756847249258927,6.0187193889997035,214,1,0,0,best-rollout1-matched-10samples-5steps-v1/case-5/steps-100/vanilla-diffusion.mp4,0.7082706275752423,2.7627372910337153,5.41557601870565,1.9910397237068924,5.365422725530832,8.173336824522455,193,4,1,0,best-rollout1-matched-10samples-5steps-v1/case-5/steps-100/guided-final.mp4
6,00000/704.mp4,100,best-rollout1-matched-10samples-5steps-v1/case-6/steps-100/diagnostics.json,5625,5625,5725,0.3230139945209558,1.0699068419956228,5.3931683314876855,1.3879211039582517,4.406844578249158,7.323928912376343,209,0,3,0,best-rollout1-matched-10samples-5steps-v1/case-6/steps-100/vanilla-diffusion.mp4,0.6001244596425379,1.5145861395944151,6.791513571076727,1.908114883841735,5.159512451293836,7.890774639992476,9,43,0,36,best-rollout1-matched-10samples-5steps-v1/case-6/steps-100/guided-final.mp4
7,00000/967.mp4,100,best-rollout1-matched-10samples-5steps-v1/case-7/steps-100/diagnostics.json,5625,5625,5725,0.23295242000295568,0.8984248842339073,2.2583790783202082,0.8581143187271513,2.6423395583558964,4.620443101162983,173,1,9,0,best-rollout1-matched-10samples-5steps-v1/case-7/steps-100/vanilla-diffusion.mp4,0.5391631955971219,1.875473329238134,6.042409330839897,1.7559861484801806,4.865539598496809,6.780013098615613,144,1,2,10,best-rollout1-matched-10samples-5steps-v1/case-7/steps-100/guided-final.mp4
8,00001/016.mp4,100,best-rollout1-matched-10samples-5steps-v1/case-8/steps-100/diagnostics.json,5625,5625,5725,0.17621826141944452,0.4901438909632648,1.0439353761948909,0.792122593000737,1.9075685932953252,3.1490913584357005,220,0,0,0,best-rollout1-matched-10samples-5steps-v1/case-8/steps-100/vanilla-diffusion.mp4,0.4548519137635673,2.0544865205137715,3.67439182301425,1.6442257557875797,4.770125838048679,6.830611788692704,49,43,4,29,best-rollout1-matched-10samples-5steps-v1/case-8/steps-100/guided-final.mp4
9,00000/927.mp4,100,best-rollout1-matched-10samples-5steps-v1/case-9/steps-100/diagnostics.json,5625,5625,5725,0.2376161496868732,0.9276666792290744,1.7263739528685065,1.0253282653349245,3.4670113731747483,8.922916218042243,220,0,0,0,best-rollout1-matched-10samples-5steps-v1/case-9/steps-100/vanilla-diffusion.mp4,0.7566621882942153,3.6598268307444304,7.7326594267603594,2.2653682439925698,7.111774968421752,8.180598210953733,158,0,4,7,best-rollout1-matched-10samples-5steps-v1/case-9/steps-100/guided-final.mp4
10,00000/221.mp4,100,best-rollout1-matched-10samples-5steps-v1/case-10/steps-100/diagnostics.json,5625,5625,5725,0.15332888585236468,0.44141546768920414,0.8081687586947964,0.6544097623049427,1.9077240309250478,4.527913289078955,220,0,0,0,best-rollout1-matched-10samples-5steps-v1/case-10/steps-100/vanilla-diffusion.mp4,0.6188722720114862,3.108997263021203,3.953198481063309,1.7777051753723454,4.486906936767885,8.404024338916994,9,83,7,38,best-rollout1-matched-10samples-5steps-v1/case-10/steps-100/guided-final.mp4
1,00000/164.mp4,200,best-rollout1-matched-10samples-5steps-v1/case-1/steps-200/diagnostics.json,13125,13125,13325,0.1942435591432818,0.6126038749984071,1.3558264559485322,0.7845849163610116,2.009204946995392,4.46666659593963,220,0,0,0,best-rollout1-matched-10samples-5steps-v1/case-1/steps-200/vanilla-diffusion.mp4,0.5639487033172214,2.367915303056227,5.110862966859774,1.7562265508254908,5.673957812468209,8.432782780803489,105,18,2,23,best-rollout1-matched-10samples-5steps-v1/case-1/steps-200/guided-final.mp4
2,00000/828.mp4,200,best-rollout1-matched-10samples-5steps-v1/case-2/steps-200/diagnostics.json,13125,13125,13325,0.1779798369185832,0.5475288500799722,1.4664326063881923,0.7375007016374295,2.0460514415079682,5.284333917854892,220,0,0,0,best-rollout1-matched-10samples-5steps-v1/case-2/steps-200/vanilla-diffusion.mp4,0.5021864635622653,1.5732324181918147,4.089013722193361,1.829274362894198,4.5413254543297805,8.305702448713017,9,45,23,36,best-rollout1-matched-10samples-5steps-v1/case-2/steps-200/guided-final.mp4
3,00000/037.mp4,200,best-rollout1-matched-10samples-5steps-v1/case-3/steps-200/diagnostics.json,13125,13125,13325,0.14177602005013157,0.49563817657399584,0.9692634091645824,0.629809853708509,2.050315385764342,3.608317818017823,220,0,0,0,best-rollout1-matched-10samples-5steps-v1/case-3/steps-200/vanilla-diffusion.mp4,0.39450835557858305,1.0647346154248343,2.4303312100072434,1.4848609515546611,3.6508014762190415,5.972097971084979,74,28,1,28,best-rollout1-matched-10samples-5steps-v1/case-3/steps-200/guided-final.mp4
4,00000/871.mp4,200,best-rollout1-matched-10samples-5steps-v1/case-4/steps-200/diagnostics.json,13125,13125,13325,0.26870465035601504,0.9690079384068888,3.6825647713796035,0.9236091143710728,3.204921806165333,6.4559125290984225,210,0,0,1,best-rollout1-matched-10samples-5steps-v1/case-4/steps-200/vanilla-diffusion.mp4,0.8892199526430947,3.6511504498785396,7.411928678328468,2.1567780326720536,6.149290645100388,8.407255315796979,164,1,2,7,best-rollout1-matched-10samples-5steps-v1/case-4/steps-200/guided-final.mp4
5,00000/066.mp4,200,best-rollout1-matched-10samples-5steps-v1/case-5/steps-200/diagnostics.json,13125,13125,13325,0.2599159592697932,0.933193789437748,4.400056914650627,0.8418322830568502,2.4590853792817082,5.71206531974769,40,36,5,33,best-rollout1-matched-10samples-5steps-v1/case-5/steps-200/vanilla-diffusion.mp4,0.4921475756068357,1.3191912940628039,3.6557794349331165,1.510882938947206,4.031516762500791,6.487203950142041,193,5,1,0,best-rollout1-matched-10samples-5steps-v1/case-5/steps-200/guided-final.mp4
6,00000/704.mp4,200,best-rollout1-matched-10samples-5steps-v1/case-6/steps-200/diagnostics.json,13125,13125,13325,0.1779436424613288,0.5136827461761532,0.9639004586947226,0.8448331116261215,2.1919159162984148,3.5741211608729198,220,0,0,0,best-rollout1-matched-10samples-5steps-v1/case-6/steps-200/vanilla-diffusion.mp4,0.3738924709429755,1.128559914292852,2.606398977027038,1.3845504303571565,3.50551591055733,5.625916763966989,9,42,1,40,best-rollout1-matched-10samples-5steps-v1/case-6/steps-200/guided-final.mp4
7,00000/967.mp4,200,best-rollout1-matched-10samples-5steps-v1/case-7/steps-200/diagnostics.json,13125,13125,13325,0.4060021822873998,2.298080960472837,4.853775950408005,1.327011004329514,5.166732650608386,7.688276546764931,139,30,23,15,best-rollout1-matched-10samples-5steps-v1/case-7/steps-200/vanilla-diffusion.mp4,0.7184063213636666,2.1923321347088183,7.177722650318203,2.14301185449338,5.969007125193571,8.046924184265624,9,59,16,32,best-rollout1-matched-10samples-5steps-v1/case-7/steps-200/guided-final.mp4
8,00001/016.mp4,200,best-rollout1-matched-10samples-5steps-v1/case-8/steps-200/diagnostics.json,13125,13125,13325,0.1860786528459472,0.5119578626040396,1.1517358041687253,0.8130102224486466,1.9373334029768388,3.4564290240287443,220,0,0,0,best-rollout1-matched-10samples-5steps-v1/case-8/steps-200/vanilla-diffusion.mp4,0.43274075773510473,1.6451700303082846,3.932152566024814,1.5368592980922202,4.070731714797213,8.057587671102674,214,1,0,0,best-rollout1-matched-10samples-5steps-v1/case-8/steps-200/guided-final.mp4
9,00000/927.mp4,200,best-rollout1-matched-10samples-5steps-v1/case-9/steps-200/diagnostics.json,13125,13125,13325,0.412774397366211,2.312133755028414,3.5722112953130845,1.3992700693024491,5.2636894572813535,9.262990021828205,220,0,0,0,best-rollout1-matched-10samples-5steps-v1/case-9/steps-200/vanilla-diffusion.mp4,0.7564547583320957,3.285467356026152,6.604910086418627,2.0143449043102977,6.649821527590465,7.898402246227254,204,1,2,0,best-rollout1-matched-10samples-5steps-v1/case-9/steps-200/guided-final.mp4
10,00000/221.mp4,200,best-rollout1-matched-10samples-5steps-v1/case-10/steps-200/diagnostics.json,13125,13125,13325,0.16159932835464894,0.5226421555225462,1.084251744110533,0.7333691876296206,2.058787302474231,3.8684064281794583,220,0,0,0,best-rollout1-matched-10samples-5steps-v1/case-10/steps-200/vanilla-diffusion.mp4,0.39291772368303635,1.547834084439605,2.5470623308044806,1.5186977591518138,4.482864227811416,6.582536155990654,9,42,1,39,best-rollout1-matched-10samples-5steps-v1/case-10/steps-200/guided-final.mp4
