balls,frames,seed,steps,gt_error,rollout_h1,rollout_h5,rollout_paper_h1,rollout_paper_h5,invalid_frame_rate,invalid_frame_rate_strict,any_invalid,gt_success_fraction,local_success_fraction
1,33,0,1,0.07229776008585634,0.061776606197628973,0.10339316104640639,0.08459168787850865,0.2582510643015276,0.003941127232142857,0.01377650669642857,0.107421875,0.927734375,0.0
1,33,0,2,0.03847024811995005,0.0302611331299976,0.05411136585405482,0.040949574603446906,0.1297697655044871,0.0008370535714285714,0.008196149553571428,0.0234375,0.9990234375,0.0
1,33,0,4,0.02963883925832783,0.020306406470175564,0.03473980098638818,0.028001103335098945,0.09212754026650607,0.0,0.0048828125,0.0,1.0,0.0048828125
1,33,0,8,0.02758733809656709,0.01448243107038985,0.02531163517305324,0.019943306548881542,0.06890106088916292,3.487723214285714e-05,0.0031389508928571425,0.0009765625,0.9990234375,0.220703125
1,33,0,16,0.02790827159799434,0.010424464624778196,0.0189136823188105,0.014258932267973475,0.05169627808330423,6.975446428571428e-05,0.003487723214285714,0.001953125,0.9990234375,0.7314453125
1,33,0,32,0.029331609478341552,0.007562295531270174,0.01545634348944342,0.010133414407046046,0.03951373804185343,6.975446428571428e-05,0.0036272321428571425,0.001953125,0.9990234375,0.9091796875
1,33,0,64,0.03109253492073121,0.006125481745184257,0.014753610289336944,0.0077826572629775105,0.03272425583410159,6.975446428571428e-05,0.004045758928571428,0.001953125,0.9990234375,0.9208984375
1,33,0,128,0.03255113384608099,0.005617570605008882,0.015374275534851689,0.0067012144017797905,0.029884870873237202,0.00010463169642857142,0.004115513392857142,0.0029296875,0.998046875,0.921875
1,25,0,1,0.08046099657441308,0.07069538532847017,0.11242832415247403,0.09559982013797347,0.26796639490650037,0.005615234375,0.018994140625000003,0.107421875,0.845703125,0.0
1,25,0,2,0.038773385735725766,0.03333102620702347,0.05459296580135625,0.0445704957319992,0.13379588695629074,0.00034179687500000003,0.006103515625000001,0.0068359375,0.99609375,0.0
1,25,0,4,0.02750422357026398,0.020950630616011927,0.0327315774248548,0.029187188099465373,0.09261275670949583,0.0,0.00439453125,0.0,0.998046875,0.0234375
1,25,0,8,0.022552354145155246,0.014591837527847824,0.023403916122965954,0.020531318614636137,0.06971533452260706,9.765625e-05,0.003271484375,0.001953125,0.9990234375,0.341796875
1,25,0,16,0.02177710181923387,0.0104662469649595,0.018019746616402717,0.014553888423084253,0.053878549152205496,4.8828125e-05,0.003125,0.0009765625,0.998046875,0.765625
1,25,0,32,0.02294500707388422,0.007822385746619167,0.015265232639618667,0.010550837408625629,0.04333089699184335,4.8828125e-05,0.0037109375000000003,0.0009765625,0.9970703125,0.869140625
1,25,0,64,0.02471214332440848,0.006473612551986095,0.01488214150714181,0.008285183381276007,0.03748688379213812,4.8828125e-05,0.00419921875,0.0009765625,0.9970703125,0.89453125
1,25,0,128,0.02631031412211,0.0059543364259343826,0.015684531267380755,0.007178940974446194,0.03505908253513692,9.765625e-05,0.004736328125,0.001953125,0.99609375,0.896484375
1,49,0,1,0.07560580733403874,0.06056933882210532,0.108637975299062,0.08262676021256976,0.26700705332183117,0.002263849431818182,0.011052911931818182,0.0947265625,0.916015625,0.0
1,49,0,2,0.04396997636238554,0.03155049005527312,0.060294722940943825,0.04256794063947653,0.14240153595530447,0.001220703125,0.007368607954545455,0.0537109375,0.9921875,0.0
1,49,0,4,0.03835331329582796,0.021202497084519642,0.03884626888868578,0.029600689252066863,0.10106358817903942,0.0003995028409090909,0.003728693181818182,0.017578125,0.998046875,0.0
1,49,0,8,0.04094142597571935,0.014713063142377181,0.027649969398935395,0.020378919132220726,0.07203015238361199,6.658380681818181e-05,0.002863103693181818,0.0029296875,0.99609375,0.046875
1,49,0,16,0.04343782592124041,0.009867213811580372,0.01915089025644115,0.013480718221425124,0.04949714183639388,8.87784090909091e-05,0.0038174715909090906,0.00390625,0.98828125,0.73046875
1,49,0,32,0.04530634585922143,0.0068324959650777495,0.014434510419214366,0.009165278382453398,0.03521240816525484,8.87784090909091e-05,0.004350142045454546,0.00390625,0.982421875,0.919921875
1,49,0,64,0.04708477206611256,0.005508454486667206,0.01355364378635953,0.007088450797047582,0.02815842925994425,0.00011097301136363636,0.004683061079545454,0.0048828125,0.9794921875,0.9296875
1,49,0,128,0.04834349295241998,0.005090371972620598,0.014275824564253569,0.006204238991817301,0.02553259561656907,0.00013316761363636363,0.004749644886363637,0.005859375,0.9765625,0.93359375
1,41,0,1,0.07923269493993655,0.0648934624716587,0.1104123885313887,0.08811849745371833,0.27561955744320615,0.002739800347222222,0.012858072916666668,0.091796875,0.8720703125,0.0
1,41,0,2,0.04378882276778462,0.03204145937846493,0.059469576118487535,0.043201664413390954,0.1411243471879119,0.001193576388888889,0.007649739583333334,0.0419921875,0.9990234375,0.0
1,41,0,4,0.036121620382222386,0.021500259872063825,0.03877642957015996,0.02983230783361967,0.10049810080766082,0.00035264756944444444,0.004530164930555556,0.0126953125,0.9990234375,0.0009765625
1,41,0,8,0.03555645080174751,0.01508480565531186,0.027700867817826394,0.020864189659727278,0.072722760776584,5.425347222222222e-05,0.0031467013888888886,0.001953125,0.9990234375,0.0673828125
1,41,0,16,0.03683472083648062,0.010222114614619221,0.019438946030798706,0.013910612564596997,0.05076776935098575,5.425347222222222e-05,0.003011067708333333,0.001953125,0.99609375,0.6962890625
1,41,0,32,0.038688921047893135,0.007113065953712441,0.01523258116784246,0.00944800606679222,0.03648355665081078,0.00010850694444444444,0.003282335069444444,0.00390625,0.9921875,0.9091796875
1,41,0,64,0.04044115695346618,0.005752621834924537,0.0146827271453311,0.007228689919710728,0.029636486995063244,0.00010850694444444444,0.0035264756944444445,0.00390625,0.9921875,0.9287109375
1,41,0,128,0.041872647853162005,0.005424049084307357,0.015492943108581788,0.006451584670568868,0.027535000778228468,0.00013563368055555556,0.003851996527777777,0.0048828125,0.9921875,0.9345703125
1,33,1,1,0.07720743076308108,0.06691028204667171,0.10572585989158063,0.09211764044337384,0.27491711850383405,0.0030691964285714285,0.011683872767857142,0.083984375,0.892578125,0.0
1,33,1,2,0.039771551311261116,0.031791121023516264,0.0543471174389695,0.04224486670338876,0.13225439077139312,0.0009765625,0.008021763392857144,0.02734375,1.0,0.0
1,33,1,4,0.029876126081942955,0.02057462607469358,0.034710668102997125,0.028185877384137373,0.09116633066601067,0.00031389508928571425,0.005126953125,0.0087890625,1.0,0.005859375
1,33,1,8,0.027610457126202227,0.014300525541116287,0.024635260414188502,0.019596696138604507,0.06665572833543972,0.00013950892857142856,0.003731863839285714,0.00390625,1.0,0.255859375
1,33,1,16,0.027481889114226464,0.009967754950525924,0.018187259225341788,0.013501770670018075,0.04905291446217228,0.0,0.003522600446428571,0.0,1.0,0.7861328125
1,33,1,32,0.0291183549687712,0.007354726103244646,0.015146946488421964,0.009811623987282154,0.03831925814627247,3.487723214285714e-05,0.003941127232142856,0.0009765625,0.9990234375,0.9091796875
1,33,1,64,0.030979001265712954,0.005955095422776554,0.014372517565754441,0.00760538592179549,0.03198955253648781,3.487723214285714e-05,0.004220145089285714,0.0009765625,0.998046875,0.923828125
1,33,1,128,0.03245787878144463,0.005506972554308908,0.014958770909523769,0.006614179537344195,0.029490486667746958,6.975446428571428e-05,0.00439453125,0.001953125,0.9970703125,0.9267578125
1,25,1,1,0.07607947556087902,0.06798124720256256,0.10414365332834288,0.09155441589012042,0.2583307336634837,0.002880859375,0.013427734375,0.0576171875,0.8955078125,0.0
1,25,1,2,0.03816425467579518,0.031555050971671786,0.05331281331767529,0.041986191554999754,0.1267899003992664,0.00043945312500000007,0.00625,0.0087890625,0.998046875,0.0
1,25,1,4,0.026205469412782408,0.0196345227364785,0.031672822659424255,0.026976340223119823,0.0871745652156649,4.8828125e-05,0.004150390625,0.0009765625,0.9990234375,0.05078125
1,25,1,8,0.02163692386284032,0.013388036768057292,0.022242051472932806,0.018320421904950604,0.06361134704598424,0.0,0.003369140625,0.0,0.998046875,0.5361328125
1,25,1,16,0.021186273325506336,0.009448635510308483,0.016892900444016416,0.012845641933103724,0.04879031787315663,0.00014648437500000002,0.003515625,0.0029296875,0.998046875,0.84375
1,25,1,32,0.02232959440952053,0.007115274900404627,0.014502821645757318,0.009428320684359469,0.039729811779676605,0.00014648437500000002,0.004296875,0.0029296875,0.998046875,0.890625
1,25,1,64,0.023917302250847948,0.005975744532951019,0.014117872442532285,0.007578418002804494,0.035044677294197774,0.00029296875000000004,0.004345703125,0.005859375,0.998046875,0.900390625
1,25,1,128,0.025397586462526933,0.005587339120390156,0.014731857852045508,0.006762865135872719,0.0333366852152729,0.00029296875000000004,0.004833984374999999,0.005859375,0.9970703125,0.904296875
1,41,1,1,0.07559078445529459,0.06439533203974224,0.10516282384053585,0.0879638138238435,0.27301458170973364,0.0021158854166666665,0.011257595486111112,0.0712890625,0.9033203125,0.0
1,41,1,2,0.04044016201230312,0.030453279360501857,0.054691461778531486,0.04055740251564059,0.13235719198385182,0.0002712673611111111,0.006971571180555556,0.009765625,0.99609375,0.0
1,41,1,4,0.031777630700938225,0.019556922474400065,0.03394692205772363,0.026938941662893297,0.09009503605840323,0.00013563368055555556,0.0038519965277777775,0.0048828125,1.0,0.001953125
1,41,1,8,0.031179663157361058,0.013825289361652712,0.02451809108258827,0.019018155297246597,0.06591350235735796,2.712673611111111e-05,0.0030924479166666665,0.0009765625,0.9990234375,0.18359375
1,41,1,16,0.032524565603007205,0.009480584180854828,0.01781229214056545,0.012875609089177533,0.046945819123903686,8.138020833333333e-05,0.003255208333333333,0.0029296875,0.9990234375,0.8203125
1,41,1,32,0.034468871209290014,0.006796843098744296,0.014558268788798897,0.009029676685944985,0.03506931380385241,8.138020833333333e-05,0.0028754340277777775,0.0029296875,0.994140625,0.9130859375
1,41,1,64,0.03620557355801893,0.005611611423095669,0.014001490470177453,0.007136204419948843,0.02926174150290895,0.00013563368055555556,0.003255208333333333,0.0048828125,0.9912109375,0.9296875
1,41,1,128,0.03762944154328829,0.0052494660698599194,0.014688107048027255,0.006379838374310628,0.027255617245929183,0.00021701388888888888,0.003390842013888889,0.0078125,0.9912109375,0.9306640625
1,49,1,16,0.037099011432037574,0.009561297383600486,0.01791547673529257,0.013250172420857156,0.047711352610217354,4.438920454545455e-05,0.003440163352272727,0.001953125,0.9931640625,0.765625
1,49,1,32,0.03901503669490776,0.0068800425611894485,0.014203862243753182,0.009327331260970129,0.03503828288487912,8.87784090909091e-05,0.003773082386363636,0.00390625,0.9892578125,0.9140625
1,49,1,64,0.040740275246497835,0.005511507708687154,0.013233766777496662,0.007189792860166843,0.0281426360746088,0.00013316761363636363,0.004150390625,0.005859375,0.98828125,0.9306640625
1,49,1,128,0.04204981535181703,0.0050640617790497725,0.013793507452056914,0.006268929765471578,0.025500368981278405,0.00011097301136363637,0.004350142045454546,0.0048828125,0.9873046875,0.9375
1,49,1,1,0.0774947052824389,0.06850905894874346,0.10974213487277762,0.09434371533648299,0.29956782589332454,0.003284801136363636,0.013649680397727272,0.13671875,0.9072265625,0.0
1,49,1,2,0.04111554130216456,0.030888596094275377,0.05616533740807257,0.04128709173404002,0.1364768755044125,0.0005992542613636364,0.007035688920454546,0.0263671875,0.9951171875,0.0
1,49,1,4,0.034179537279512576,0.02013749977421886,0.03528797572971272,0.027766124424615145,0.09341937981595605,0.00015536221590909093,0.004083806818181818,0.0068359375,0.9951171875,0.0009765625
1,49,1,8,0.035052183215249375,0.01375694683454042,0.024674498057083404,0.019179145813008176,0.06664296768783032,6.658380681818181e-05,0.0031072443181818185,0.0029296875,0.99609375,0.1181640625
1,33,2,1,0.0791090167592023,0.07141613855900995,0.11353418620750366,0.09668472909218778,0.2910577989516584,0.004917689732142856,0.016915457589285712,0.125,0.8740234375,0.0
1,33,2,2,0.04009623566801014,0.03210907479208043,0.056330444616190314,0.04298968493119641,0.13681618587043437,0.00048828124999999995,0.006801060267857142,0.013671875,0.9990234375,0.0
1,33,2,4,0.02959683231766632,0.02049041950217105,0.034800736346002246,0.028248491023173592,0.09342368512578705,3.487723214285714e-05,0.0031040736607142855,0.0009765625,1.0,0.0048828125
1,33,2,8,0.026791846404316366,0.014426858874118974,0.02477094763409168,0.020012363859670066,0.06850793539304534,0.0,0.003138950892857143,0.0,1.0,0.208984375
1,33,2,16,0.027142564127271604,0.01002494514040179,0.018142261129279167,0.013712391078966511,0.050019109000980264,3.487723214285714e-05,0.0039062499999999996,0.0009765625,0.9990234375,0.7783203125
1,33,2,32,0.028600813831164102,0.007331579442066608,0.014866916531250086,0.009831002055247982,0.038612176948995894,3.487723214285714e-05,0.004255022321428572,0.0009765625,0.9990234375,0.8935546875
1,33,2,64,0.03036012930661095,0.005952305591056903,0.014111975819331686,0.007643821841525393,0.032351463464650995,6.975446428571428e-05,0.004429408482142857,0.001953125,0.9990234375,0.916015625
1,33,2,128,0.031814181404825136,0.0054601239718118835,0.014667734670547994,0.006646836983540713,0.02976134032894917,0.00010463169642857142,0.004743303571428572,0.0029296875,0.9990234375,0.9208984375
1,41,2,1,0.08183644204493958,0.06886725831217949,0.11337690531661894,0.09479320370912912,0.2971552744923646,0.003173828125,0.014404296875,0.1083984375,0.853515625,0.0
1,41,2,2,0.042888396352953224,0.03220911050213762,0.05801959519556966,0.043772263808872856,0.14308573084514287,0.00013563368055555556,0.005343967013888889,0.0048828125,0.9990234375,0.0
1,41,2,4,0.034617826899910276,0.02073423003191647,0.03675033318423716,0.02886282717846601,0.09707026536535121,8.138020833333333e-05,0.003824869791666667,0.0029296875,0.9970703125,0.0
1,41,2,8,0.033947324884197785,0.01451925329790229,0.025996062472356824,0.02021642242011432,0.07033915528939419,5.425347222222222e-05,0.00341796875,0.001953125,0.9970703125,0.09765625
1,41,2,16,0.0348266872912435,0.009980518077793273,0.018744774132066787,0.013641952873636402,0.04981520642817072,5.425347222222222e-05,0.002983940972222222,0.001953125,0.9970703125,0.73828125
1,41,2,32,0.03642590440329524,0.007106178939389193,0.014859956917591956,0.009499204194490844,0.03668812323713133,0.00010850694444444444,0.003200954861111111,0.00390625,0.99609375,0.908203125
1,41,2,64,0.03810395125437668,0.005668062745909388,0.013977667711388895,0.007255528769609733,0.029731559579942286,0.00010850694444444444,0.003879123263888889,0.00390625,0.9931640625,0.9296875
1,41,2,128,0.039377064241181474,0.005180175421798263,0.014487038290044385,0.006284947245086433,0.027020509183126824,0.00013563368055555556,0.004096137152777777,0.0048828125,0.990234375,0.93359375
1,25,2,1,0.07583764102315241,0.06991583214653613,0.10516553095965547,0.09419205630088176,0.2669027641565588,0.00390625,0.014111328125,0.0751953125,0.888671875,0.0
1,25,2,2,0.0366642234377169,0.03131883631759144,0.050894034200579044,0.04187159887822604,0.12560236648526685,0.0005859375000000001,0.007861328125,0.01171875,0.998046875,0.0
1,25,2,4,0.02624866223287213,0.019538392686748045,0.031401459332404826,0.026722345447007148,0.08539790117820868,0.0001953125,0.004443359375,0.00390625,0.9990234375,0.078125
1,25,2,8,0.022223651081308957,0.013403533448084605,0.022100897064455272,0.018636015341390512,0.06431878700437679,4.8828125e-05,0.0029785156250000003,0.0009765625,0.9990234375,0.4990234375
1,25,2,16,0.021507094028068288,0.009464419821740053,0.01670854438685214,0.01299467127970529,0.04945461585399073,4.8828125e-05,0.003125,0.0009765625,0.9990234375,0.8251953125
1,25,2,32,0.022529206370107312,0.007086888972126066,0.01423127670963395,0.009454873787262227,0.0401176328187824,0.0,0.00390625,0.0,0.9990234375,0.8916015625
1,25,2,64,0.024037915599988514,0.005822867636966338,0.013808699436355446,0.007420496479078994,0.03489826065052945,0.0,0.0042480468750000005,0.0,0.9990234375,0.904296875
1,25,2,128,0.025446690490691263,0.005397457981408834,0.014368160561285013,0.006516385581600687,0.03295994771335761,0.0,0.004199218750000001,0.0,0.9990234375,0.9072265625
1,49,2,1,0.08059697980034083,0.06761665460513086,0.1110707897495161,0.09301438003457047,0.2961252959586407,0.0034623579545454545,0.01409357244318182,0.142578125,0.8671875,0.0
1,49,2,2,0.044036104244335704,0.0323107153498711,0.06050300812930959,0.04328085637311159,0.14472918304665927,0.0005548650568181818,0.006791548295454546,0.0244140625,0.99609375,0.0
1,49,2,4,0.03796027270324796,0.021569901808745146,0.03936663304105488,0.029612040443478593,0.10111790200578978,0.00028852982954545456,0.003662109375,0.0126953125,0.9970703125,0.0
1,49,2,8,0.039641614182981524,0.0149083989194722,0.027561200921593445,0.020522379487877163,0.07216949667737413,6.658380681818181e-05,0.002552379261363636,0.0029296875,0.99609375,0.05078125
1,49,2,16,0.04166476095192757,0.01000186724956575,0.018986276476427314,0.013696044470542687,0.04974874892876165,8.87784090909091e-05,0.0030628551136363635,0.00390625,0.9921875,0.69921875
1,49,2,32,0.04343556143474244,0.006888334281054662,0.014573830764138491,0.009359377579944143,0.035446872706185434,0.0001775568181818182,0.003484552556818182,0.0078125,0.9873046875,0.9130859375
1,49,2,64,0.04513642481423978,0.005469753867734666,0.013615923097070666,0.007156246770871257,0.028366530858728593,0.0001775568181818182,0.004128196022727273,0.0078125,0.9814453125,0.9306640625
1,49,2,128,0.046346045212485185,0.005026221541989153,0.014067746482301795,0.00627173683586147,0.02576004852660299,0.00019975142045454544,0.004549893465909091,0.0087890625,0.9794921875,0.935546875
2,33,0,1,0.8661736409076194,0.2315401106546123,0.5684914034240294,0.3137687933193155,0.9107730198284446,0.08279854910714285,0.11457170758928573,0.7509765625,0.0,0.0
2,33,0,2,0.8181284582821884,0.13094776233271255,0.36044836085342846,0.1824407147902986,0.5742414044765226,0.04764229910714285,0.07041713169642858,0.533203125,0.0068359375,0.0
2,33,0,4,0.8189735926894471,0.07250797519977176,0.22959142784491737,0.10709890683627116,0.38181387370391895,0.03473772321428571,0.05653599330357142,0.4228515625,0.0263671875,0.0
2,33,0,8,0.8296605047971188,0.04951119987378427,0.18422026604497754,0.0773012396921007,0.30172433738138,0.031633649553571425,0.05517578125,0.4189453125,0.0263671875,0.0
2,33,0,16,0.8366514897166086,0.03967784788128273,0.1674817771276249,0.06494680242098867,0.27087284999075684,0.03156389508928571,0.05622209821428571,0.4189453125,0.029296875,0.00390625
2,33,0,32,0.8406599724403594,0.035211049408000974,0.16136540317304948,0.05958071411852302,0.25836193543294084,0.03191266741071428,0.057198660714285705,0.435546875,0.02734375,0.0283203125
2,33,0,64,0.843414661659502,0.033258246334300745,0.1607082396126327,0.057414074493017234,0.25455159787943477,0.03229631696428571,0.05761718749999999,0.4443359375,0.02734375,0.0400390625
2,33,0,128,0.8452193292374134,0.032822921244152814,0.1618820428169787,0.05661268720027524,0.2535019645571233,0.032470703125,0.058035714285714274,0.4423828125,0.0244140625,0.04296875
2,25,0,1,0.46824427103170446,0.1701768361961556,0.3590258878546627,0.22721633377531492,0.62941496111409,0.05576171875,0.090576171875,0.6005859375,0.005859375,0.0
2,25,0,2,0.4290197467591669,0.11247624573853575,0.26571355267867186,0.15247499030007197,0.4445019959774714,0.033203125,0.060498046875,0.3701171875,0.0908203125,0.0
2,25,0,4,0.4162158919663893,0.06323435754706555,0.16923705485050367,0.08996245703882572,0.3003197814825923,0.023583984375000002,0.0470703125,0.2685546875,0.2177734375,0.0
2,25,0,8,0.41724857141891464,0.041142297004950666,0.12752754736329452,0.06014971182811434,0.22248399111856068,0.018554687500000003,0.040771484375,0.19921875,0.2431640625,0.0
2,25,0,16,0.4197201842838465,0.0316476967234281,0.11188844496605863,0.0480140672994356,0.19065815970837355,0.019384765625,0.0416015625,0.2138671875,0.236328125,0.017578125
2,25,0,32,0.4217933520760986,0.027306801639886424,0.10737815712668941,0.042440715717701936,0.1769780829916182,0.019921875000000002,0.043115234375000006,0.2265625,0.2353515625,0.09765625
2,25,0,64,0.42367769133790073,0.025634868571058497,0.10731132468145685,0.040331055950419074,0.17236896234580543,0.02021484375,0.043896484375,0.2314453125,0.2333984375,0.13671875
2,25,0,128,0.4251207461918013,0.025388194755122336,0.10868269182406072,0.03980232464040749,0.17173746745480042,0.020263671875,0.044238281250000004,0.236328125,0.23046875,0.1357421875
2,41,0,1,1.4613066602726446,0.2765664025203149,0.7737113517520839,0.385643108977313,1.2098079439776588,0.10538736979166666,0.13121202256944445,0.87109375,0.0,0.0
2,41,0,2,1.4452546911827453,0.13110517389199514,0.4168936359257329,0.19750963273074007,0.6802380329199912,0.043674045138888895,0.0632595486111111,0.5615234375,0.0,0.0
2,41,0,4,1.4734501570215555,0.07188847100627486,0.262999978478389,0.11302979268094207,0.4448266787488485,0.029649522569444448,0.05007595486111112,0.44140625,0.0,0.0
2,41,0,8,1.5010370139725888,0.04743990432921957,0.20668080882810463,0.08067168848594193,0.35347756741880915,0.027886284722222224,0.051839192708333336,0.4521484375,0.0,0.0
2,41,0,16,1.516620028114719,0.037603252274877874,0.18601252228318274,0.06793377559030762,0.3183983286018557,0.028564453125,0.053439670138888895,0.5087890625,0.0,0.0
2,41,0,32,1.5255366878782142,0.03340244671147721,0.18036051387740384,0.06275971525647174,0.3054661903526022,0.03070746527777778,0.05509440104166667,0.5419921875,0.0,0.0029296875
2,41,0,64,1.5301996763078536,0.0314670435389765,0.17879690342852705,0.06040255141580517,0.30041607239814344,0.03125,0.056640625,0.546875,0.0,0.0029296875
2,41,0,128,1.5318913263320102,0.03091878809311162,0.17944492406752,0.05940249970375393,0.2978807295374464,0.03116861979166667,0.05715603298611112,0.5537109375,0.0,0.00390625
3,49,0,1,2.2715986489102447,0.31229566284864063,0.9787840024840715,0.44609321372563804,1.5284392796645707,0.33658114346590906,0.37362393465909094,0.99609375,0.0,0.0
3,49,0,2,2.3958038417189735,0.15883348904818512,0.6767763794936921,0.2600404875320406,1.035294826197145,0.1248446377840909,0.15229936079545453,0.88671875,0.0,0.0
3,49,0,4,2.5136730479470604,0.09226738378222596,0.4813657371539589,0.16743993954115702,0.7782915841709745,0.07947887073863635,0.11188299005681816,0.8525390625,0.0,0.0
3,49,0,8,2.572372733673661,0.06832260476072792,0.4151840829628284,0.1341456555693304,0.6848938384566979,0.07974520596590909,0.12424538352272727,0.8779296875,0.0,0.0
3,49,0,16,2.6019376344408625,0.05888558591869687,0.391325797531627,0.12290948530007342,0.654934694070787,0.0841619318181818,0.1320134943181818,0.9052734375,0.0,0.0
3,49,0,32,2.6170715684020203,0.05409441342977921,0.38078003146990524,0.11690363594101087,0.6388062013208866,0.08504971590909088,0.13498757102272724,0.923828125,0.0,0.0
3,49,0,64,2.6247136608297787,0.05209678939191505,0.37725655335854186,0.11436422804013499,0.6328074621397444,0.08549360795454544,0.13578657670454541,0.9326171875,0.0,0.0
3,49,0,128,2.628781630343595,0.051463732095838904,0.37671314175437065,0.11374071609901824,0.630942214391023,0.08533824573863635,0.1358531605113636,0.9287109375,0.0,0.0
2,25,1,1,0.47960127027540156,0.16543967367077483,0.35774726120184075,0.2239624279068583,0.6339627058084617,0.054003906250000004,0.08598632812500001,0.5498046875,0.001953125,0.0
2,25,1,2,0.4348479196086562,0.10937175761217915,0.26513661364320884,0.14901356676140526,0.44499960352513623,0.034960937500000004,0.061474609375,0.3720703125,0.087890625,0.0
2,25,1,4,0.41791737312808447,0.06558286518152441,0.17346160745438624,0.09336776690986882,0.3084847315484145,0.022802734375,0.044140625,0.2421875,0.2080078125,0.0
2,25,1,8,0.4158545335097079,0.04272868377338289,0.13066172056420433,0.06270450132815993,0.23003716203938276,0.018603515625,0.03818359375,0.2021484375,0.2373046875,0.0
2,25,1,16,0.4171634892625594,0.03219908894023292,0.11423246056046718,0.049084969937241194,0.1949894380775456,0.01767578125,0.038916015624999994,0.197265625,0.234375,0.0224609375
2,25,1,32,0.4193672824352802,0.02764436527055448,0.10947156466996823,0.043638370664683415,0.18229628315746704,0.01826171875,0.040478515625,0.2119140625,0.23046875,0.0927734375
2,25,1,64,0.4210367353901005,0.025962610648706645,0.10956142743970974,0.04146405953304995,0.1782280309708733,0.018701171875,0.042431640625,0.21875,0.2236328125,0.12890625
2,25,1,128,0.4224474461191952,0.02570655689943485,0.11131873819018577,0.04080476107179755,0.17757337953541505,0.018847656249999997,0.04345703125,0.2197265625,0.2197265625,0.134765625
2,33,1,1,0.8442420268110975,0.22381939454817315,0.5526218473605966,0.3042728080340883,0.9083484827350334,0.08712332589285714,0.11875697544642856,0.7763671875,0.0,0.0
2,33,1,2,0.793017562882787,0.12533583697552506,0.34928142690774844,0.17607820714588548,0.5619334437425753,0.048793247767857144,0.07135881696428571,0.5341796875,0.01171875,0.0
2,33,1,4,0.7946977421614686,0.0706740484830152,0.22625839569386952,0.10568414698816875,0.3761332929787084,0.034423828125,0.05671037946428571,0.4013671875,0.041015625,0.0
2,33,1,8,0.8054009324711757,0.04842902128117652,0.1811077161231382,0.07644382232782279,0.29995225434266404,0.03257533482142857,0.05576869419642857,0.3974609375,0.0439453125,0.0
2,33,1,16,0.8127508708935558,0.03888747594578233,0.16451128845615454,0.06442133974853737,0.26602653622241745,0.03173828124999999,0.057198660714285705,0.392578125,0.0419921875,0.0029296875
2,33,1,32,0.8169031139555347,0.034587451413933074,0.15897526538503348,0.05901136797472788,0.253215377675182,0.032854352678571425,0.058977399553571425,0.4091796875,0.0400390625,0.02734375
2,33,1,64,0.81894755797669,0.03284748919216049,0.15835919244830493,0.05652328301059419,0.24795541499529106,0.03316824776785714,0.05957031249999999,0.4228515625,0.037109375,0.046875
2,33,1,128,0.8202552328692763,0.0324622024151066,0.16004409378854242,0.056055275953061603,0.2476745693939336,0.033621651785714274,0.05988420758928571,0.4287109375,0.0361328125,0.0498046875
2,41,1,1,1.461369632127309,0.2699392985189826,0.7693978735950346,0.37043654227458944,1.1927901917068353,0.10055881076388888,0.12679036458333334,0.8798828125,0.0,0.0
2,41,1,2,1.4435880632379037,0.1274795114171227,0.4063963610254464,0.18828257004362556,0.657204806578593,0.036078559027777776,0.054877387152777776,0.5400390625,0.0,0.0
2,41,1,4,1.4662066343822295,0.06968417887386652,0.2556323153950905,0.10902407481196347,0.4332817962411907,0.025553385416666668,0.044921875,0.44140625,0.0,0.0
2,41,1,8,1.4922275837790053,0.04643113941563888,0.19858821295721774,0.077979960055018,0.34103532209259113,0.026340060763888888,0.048638237847222224,0.46484375,0.0,0.0
2,41,1,16,1.506030764953056,0.036923155856798714,0.17967489787486488,0.0655519304180632,0.30394766364654296,0.02777777777777778,0.053683810763888895,0.5107421875,0.0009765625,0.0
2,41,1,32,1.5143797052111254,0.03280530464363395,0.1729239855591304,0.06050948472214328,0.29045901961205717,0.02943250868055556,0.05482313368055556,0.548828125,0.0009765625,0.0009765625
2,41,1,64,1.5193689385917324,0.030803229624382138,0.17182792930694218,0.05806700676732621,0.2854437306552535,0.02951388888888889,0.05528428819444445,0.5576171875,0.0009765625,0.0029296875
2,41,1,128,1.5207551150011036,0.0302830670632511,0.17263561745789532,0.05730041287778241,0.2843832916087461,0.029812282986111112,0.055908203125,0.5615234375,0.0009765625,0.0029296875
2,25,2,1,0.5015689543475591,0.18020532547416798,0.3837541890529097,0.24056832166431516,0.6639629506612159,0.057519531250000006,0.09091796875000001,0.587890625,0.0009765625,0.0
2,25,2,2,0.4454078752983846,0.11560192530720975,0.27413167221954665,0.1566485677613913,0.4603140007719704,0.033056640625,0.058740234375000006,0.357421875,0.05859375,0.0
2,25,2,4,0.42559434412034425,0.06355849079062903,0.1688775353713425,0.08930113962194566,0.2973439622715516,0.017285156250000003,0.0373046875,0.2099609375,0.1875,0.0
2,25,2,8,0.426592409588117,0.040959689836676284,0.12909385099977638,0.06043761102375675,0.2274204195273225,0.016064453125,0.037158203125000004,0.201171875,0.208984375,0.0
2,25,2,16,0.4295418703269492,0.03130726124207855,0.1137945989830109,0.04839620875851412,0.19611935209026915,0.016455078125,0.039599609375,0.208984375,0.21875,0.01953125
2,25,2,32,0.4320494603949062,0.027094929640516064,0.10922613393150986,0.04300816140803808,0.1822065215115496,0.017578125,0.0419921875,0.2236328125,0.21484375,0.095703125
2,25,2,64,0.4339729380756045,0.025457033887487025,0.10945338594740928,0.04096067344453556,0.17776373580598873,0.018310546875,0.04345703125,0.23046875,0.2099609375,0.119140625
2,25,2,128,0.43557695768227844,0.02517839963084683,0.11117802826620944,0.04028064599062435,0.17710325833868357,0.0185546875,0.0431640625,0.2333984375,0.2060546875,0.126953125
3,49,1,1,2.29400148977554,0.31125638711299664,0.9936859355865174,0.4458368806402646,1.5416707238535383,0.3013583096590909,0.33802379261363635,0.9931640625,0.0,0.0
3,49,1,2,2.388620301534731,0.1542911291618455,0.6447855822432753,0.25258016601266775,0.999727784996808,0.11714311079545453,0.1444424715909091,0.8916015625,0.0,0.0
3,49,1,4,2.493665275394226,0.09723207446572524,0.488793607585181,0.17405606148936145,0.7907518038590279,0.08877840909090909,0.11960671164772725,0.8447265625,0.0,0.0
3,49,1,8,2.544022885583468,0.07081401173822648,0.4150311701226273,0.13740133886886446,0.6885122517153164,0.08522727272727271,0.1277743252840909,0.884765625,0.0,0.0
3,49,1,16,2.5758031961055865,0.061240744485184045,0.3920893701771574,0.12520001111396895,0.6547569809264389,0.08820134943181816,0.13629705255681818,0.9208984375,0.0,0.0
3,49,1,32,2.5926939132632665,0.056809360056861005,0.3836073683270555,0.11996937564654109,0.6420314715206776,0.09046519886363635,0.1398259943181818,0.9248046875,0.0,0.0
3,49,1,64,2.599136486677463,0.054698897269333024,0.38215119582923474,0.11783366283092533,0.6395992871171103,0.09068714488636362,0.13987038352272724,0.9326171875,0.0,0.0
3,49,1,128,2.6028344289732495,0.05429566994926932,0.383110813222002,0.11723761342622151,0.6398490237653462,0.0909978693181818,0.14020330255681818,0.927734375,0.0,0.0
2,33,2,1,0.8718440273063853,0.22584782293437317,0.5630442354437344,0.30852009586099716,0.9207555600385771,0.08660016741071429,0.11868722098214285,0.767578125,0.0,0.0
2,33,2,2,0.8304192435138388,0.12743329413332946,0.35852069370404294,0.180544460850399,0.5813099936221375,0.046142578125,0.06930106026785715,0.5078125,0.0068359375,0.0
2,33,2,4,0.8354822459126372,0.07122864467335621,0.22826494754732624,0.1069151818457805,0.38396766557166967,0.03034319196428571,0.049979073660714274,0.3916015625,0.0234375,0.0
2,33,2,8,0.8483616012118609,0.04813514373212367,0.17953956150942227,0.07672656809575962,0.30208144002412396,0.028878348214285712,0.05193219866071428,0.396484375,0.0263671875,0.0
2,33,2,16,0.8560132984741688,0.03879231607715386,0.16432412706359623,0.06516033243870094,0.2712548916648444,0.03044782366071428,0.05650111607142856,0.435546875,0.0263671875,0.001953125
2,33,2,32,0.8604208615577578,0.03448739121329019,0.15974711135259356,0.05961057755207336,0.2580887271047515,0.031389508928571425,0.05807059151785714,0.4482421875,0.0224609375,0.0224609375
2,33,2,64,0.8629846866295994,0.032802715748691695,0.1605056818557607,0.057484553627991236,0.2559024264943054,0.031842912946428575,0.05894252232142856,0.4521484375,0.0205078125,0.033203125
2,33,2,128,0.864652480089606,0.03245069579431541,0.16213346309570847,0.05692479571491952,0.25644415445595653,0.03257533482142857,0.059849330357142856,0.46875,0.01953125,0.0400390625
2,41,2,1,1.471354961433833,0.2722480485226788,0.7826491991461126,0.38383873626311704,1.2393589993633798,0.10698784722222221,0.13541666666666669,0.892578125,0.0,0.0
2,41,2,2,1.454286223256648,0.13661731495358773,0.4382726071237927,0.20130437347461738,0.694995152342323,0.04543728298611112,0.06526692708333333,0.5595703125,0.0,0.0
2,41,2,4,1.4912469861997424,0.07521787626013121,0.2683365029633418,0.11527356255448322,0.4500861914249027,0.034396701388888895,0.054443359375,0.4921875,0.0009765625,0.0
2,41,2,8,1.5248943125116643,0.049522102751659164,0.21025035659941238,0.08264879154621198,0.35931295884659586,0.03285047743055555,0.05777994791666667,0.53515625,0.0009765625,0.0
2,41,2,16,1.5415522173510356,0.039414568139819764,0.19068667090554733,0.07044788055005988,0.3261184418526103,0.03331163194444445,0.05967881944444445,0.5712890625,0.0009765625,0.0
2,41,2,32,1.5520193393417978,0.03521390548481814,0.18538827203760333,0.065227211992893,0.313308631885476,0.033664279513888895,0.060519748263888895,0.5771484375,0.0009765625,0.001953125
2,41,2,64,1.558355215913419,0.03362613367795994,0.1855447603266101,0.06323223129620653,0.30991715936979947,0.033420138888888895,0.060763888888888895,0.578125,0.0009765625,0.001953125
2,41,2,128,1.5612292067821554,0.03323182099449425,0.18740769486916986,0.06241220055722746,0.30923597266097724,0.03331163194444445,0.06111653645833334,0.5791015625,0.0009765625,0.001953125
3,25,0,1,0.9127967372384622,0.2306100889798474,0.6042063823391718,0.3121811137496967,0.8945484792438448,0.13447265625,0.18149414062500002,0.8330078125,0.0,0.0
3,25,0,2,0.8430493547811679,0.1390987116268707,0.4327269264456981,0.200320419234013,0.6375241326871748,0.08554687500000001,0.116357421875,0.5888671875,0.015625,0.0
3,25,0,4,0.8317518172071356,0.08293675437575429,0.31925587562561974,0.1313435451662721,0.494257299027259,0.07358398437500001,0.10346679687500002,0.53125,0.0546875,0.0
3,25,0,8,0.8350043224461218,0.06287964424457698,0.28272188858991576,0.10637971684357027,0.44054039985265947,0.0705078125,0.104736328125,0.5419921875,0.0625,0.0
3,25,0,16,0.8382777757239124,0.05375648472091283,0.26809681294266274,0.09569864039216866,0.4195641705855356,0.071630859375,0.10849609375000001,0.560546875,0.0615234375,0.005859375
3,25,0,32,0.8410828147755061,0.04944989460429285,0.2634807812849358,0.0908795324996648,0.409065836290169,0.072998046875,0.11137695312500001,0.58203125,0.0625,0.0166015625
3,25,0,64,0.843019815154647,0.04771721699769904,0.26367046677251693,0.08914294955081635,0.40613460650897004,0.07431640625,0.11372070312500002,0.59375,0.060546875,0.021484375
3,25,0,128,0.8443333074286616,0.047490750950108296,0.2649758959978991,0.08859012000344205,0.4064265632284645,0.07500000000000001,0.11406250000000001,0.5986328125,0.0595703125,0.0244140625
3,33,0,1,1.6057216506256213,0.26444530935442423,0.8108563491924541,0.37257303966348004,1.2136235048067685,0.171875,0.2129603794642857,0.919921875,0.0,0.0
3,33,0,2,1.574757266734561,0.13706033765063153,0.5240988714323129,0.21777434918437044,0.8062059942040225,0.10051618303571427,0.1328125,0.7275390625,0.0,0.0
3,33,0,4,1.5976335856861874,0.08783477824758404,0.4067131847431342,0.1511210686929571,0.646967556498797,0.08656529017857142,0.122802734375,0.693359375,0.0,0.0
3,33,0,8,1.62051660268587,0.06702706190540277,0.36546641582851735,0.1252064776898833,0.5841036898657084,0.08436802455357142,0.12496512276785715,0.728515625,0.0,0.0
3,33,0,16,1.6322237220052718,0.05874494591068393,0.3518158130466686,0.11606729227974659,0.5617211110052832,0.08680943080357142,0.1282435825892857,0.7421875,0.0,0.0
3,33,0,32,1.6376738227075036,0.055040996642137005,0.3472876628863658,0.1117306663015924,0.5538669108764852,0.08830915178571427,0.133544921875,0.775390625,0.0,0.0009765625
3,33,0,64,1.640829013947028,0.05365050723587597,0.3472974280307285,0.11040357921406124,0.5529136372633876,0.08998325892857142,0.13595145089285715,0.7861328125,0.0,0.0009765625
3,33,0,128,1.642272090920293,0.0532761921524636,0.34832889476930684,0.11007085747555882,0.5531892422226394,0.0891810825892857,0.1357421875,0.7802734375,0.0,0.0009765625
3,41,0,1,2.0709387467197535,0.29636386418980554,0.9607871249438161,0.42174099608186094,1.4292124336270922,0.2219780815972222,0.26101345486111116,0.95703125,0.0,0.0
3,41,0,2,2.1149533094088535,0.14486685461106372,0.6029245154049518,0.2386253653261795,0.9327874823279864,0.11461046006944445,0.1432562934027778,0.8330078125,0.0,0.0
3,41,0,4,2.1700455063254536,0.09251464348977807,0.47138767840134854,0.1651276373380341,0.7523157476704785,0.090087890625,0.1261935763888889,0.798828125,0.0,0.0
3,41,0,8,2.212080017785196,0.07060605808134815,0.416330694014051,0.13649867113107844,0.6792179052450944,0.08970811631944443,0.1330023871527778,0.8349609375,0.0,0.0
3,41,0,16,2.233179863912817,0.06137248738629364,0.39600415039880044,0.12613121958119963,0.6556065654085704,0.0910915798611111,0.1379665798611111,0.8818359375,0.0,0.0
3,41,0,32,2.2450284980280824,0.057463486772307115,0.391120895273185,0.12183965212684066,0.6478706300445765,0.09380425347222222,0.1393500434027778,0.884765625,0.0,0.0
3,41,0,64,2.2519662802170863,0.05598217420359111,0.3908471358361248,0.11997171383923036,0.6441080759947295,0.09331597222222222,0.13856336805555552,0.8818359375,0.0,0.0
3,41,0,128,2.254470983207462,0.05592160222717554,0.3924345661427152,0.11994489471877712,0.6449737924056604,0.09453667534722222,0.1401095920138889,0.8779296875,0.0,0.0
3,25,1,16,0.8416892625748961,0.04782809489455701,0.2506404147079556,0.08741564152918922,0.39109692922880884,0.05961914062500001,0.097021484375,0.505859375,0.0703125,0.00390625
3,25,1,32,0.8436111832308371,0.04355071931240073,0.24552139414837257,0.08261781097667407,0.38162657296925767,0.061083984375000004,0.099169921875,0.5244140625,0.0693359375,0.0166015625
3,25,1,64,0.8451175635389964,0.04201587796567667,0.24522099371791117,0.08121835304274488,0.38016491718161494,0.061767578125,0.10063476562500001,0.537109375,0.06640625,0.025390625
3,25,1,128,0.8463985889335148,0.041740359618596706,0.24667026749616972,0.08092049706135902,0.380602676939222,0.062060546875,0.10087890625000001,0.537109375,0.0634765625,0.0224609375
3,25,1,1,0.9101044584078173,0.23548994035582055,0.5932715917949385,0.3195733655070531,0.8992651325354124,0.11762695312499999,0.16640624999999998,0.7685546875,0.0,0.0
3,25,1,2,0.8437873626029759,0.14328921849268583,0.4293890102228376,0.20406565899343354,0.6420192346596544,0.07661132812500002,0.111962890625,0.5576171875,0.009765625,0.0
3,25,1,4,0.8319330682555841,0.07972253124072262,0.30075385782530956,0.1257558398110139,0.4711803574174217,0.06450195312500001,0.09565429687500002,0.4873046875,0.0546875,0.0
3,25,1,8,0.8378789048959503,0.05725622715540349,0.2649293957947859,0.09819662740359268,0.41465611488220794,0.05844726562500001,0.09238281250000001,0.4814453125,0.06640625,0.0
3,49,2,1,2.257147157938836,0.311243600561504,0.9641929679629869,0.4428675632880813,1.5122274300253946,0.3407537286931818,0.37659801136363635,0.9931640625,0.0,0.0
3,49,2,2,2.37534856828127,0.15526496395452632,0.665948243292304,0.258535897482562,1.025427209854597,0.12360174005681816,0.1491921164772727,0.888671875,0.0,0.0
3,49,2,4,2.508535032661614,0.08950082778718388,0.4685009516240651,0.16238684377825774,0.7597653244289655,0.07266512784090907,0.10615678267045453,0.8154296875,0.0,0.0
3,49,2,8,2.5708949918208237,0.0651640330449072,0.39569880432335724,0.12978660088809463,0.6649710688719821,0.0713778409090909,0.11818625710227272,0.8662109375,0.0,0.0
3,49,2,16,2.6041877473988957,0.05574316526622525,0.37026529625254073,0.1172906188128725,0.6300861112256465,0.07523970170454544,0.12535511363636362,0.890625,0.0,0.0
3,49,2,32,2.6209380651018446,0.05170762621464432,0.36431653633350003,0.11273034999463738,0.6197992833064367,0.080810546875,0.13121448863636362,0.91015625,0.0,0.0
3,49,2,64,2.6279679750976133,0.0501068569855021,0.3631315861849318,0.11042178361295102,0.6159611256711782,0.08200905539772727,0.13212446732954547,0.91796875,0.0,0.0
3,49,2,128,2.632070828490843,0.04970724866127031,0.3636655403100442,0.11046748121701604,0.6170412495518108,0.08229758522727271,0.13287908380681818,0.9150390625,0.0,0.0
3,33,1,1,1.5695688411702344,0.28353324720674883,0.8490122061025499,0.39358718103970164,1.2449612446787324,0.17075892857142855,0.21100725446428573,0.90625,0.0,0.0
3,33,1,2,1.5475293235768373,0.14508149349743543,0.5254615834775914,0.2235621394667607,0.8092603615506736,0.08928571428571427,0.11934988839285714,0.7099609375,0.0,0.0
3,33,1,4,1.5733118278809797,0.08960170129927526,0.4050964012154151,0.1508894278452086,0.6351975013409685,0.07338169642857142,0.10599190848214285,0.68359375,0.0,0.0
3,33,1,8,1.595586182040776,0.06664227220541279,0.35895940955224664,0.12200573417897212,0.5679877774589511,0.07296316964285714,0.11202566964285715,0.708984375,0.0,0.0
3,33,1,16,1.60848947480008,0.05692277441426879,0.3425384343866621,0.11132549224117545,0.5474485360392608,0.07407924107142858,0.11722237723214285,0.7275390625,0.0,0.0
3,33,1,32,1.614628781557727,0.05266621200153501,0.3374544375231724,0.10688803590841221,0.5388936273578826,0.075439453125,0.11872209821428573,0.7470703125,0.0,0.0
3,33,1,64,1.61883835381962,0.050713793499971654,0.33618864192672926,0.10483746442418165,0.5343180261016007,0.07578822544642858,0.12043108258928571,0.75390625,0.0,0.0009765625
3,33,1,128,1.6204462632527394,0.05032037854268175,0.33711056351241725,0.10454059958204198,0.5350446198031963,0.07631138392857142,0.12064034598214286,0.75390625,0.0,0.0009765625
3,25,2,1,0.9110148279275162,0.24778103835850018,0.6267132063832586,0.3315484035387751,0.9277386478697,0.120263671875,0.16455078125,0.79296875,0.0,0.0
3,25,2,2,0.841008947355954,0.14215594774317458,0.42530388687459025,0.20227067265785686,0.6361133155444224,0.076171875,0.11181640625,0.5966796875,0.009765625,0.0
3,25,2,4,0.8281827969721981,0.08080550679105394,0.3050992768846769,0.12774921952511356,0.47520483918438927,0.06298828125000001,0.09521484375000001,0.5068359375,0.0458984375,0.0
3,25,2,8,0.8345674819947893,0.059755044511037886,0.2679769743462436,0.10170906602312982,0.4198193375923981,0.062451171875,0.097314453125,0.50390625,0.0537109375,0.0
3,25,2,16,0.8392046766596439,0.05015003226711713,0.2535322456036078,0.09015425429789008,0.3949692546950827,0.063671875,0.100341796875,0.521484375,0.0537109375,0.001953125
3,25,2,32,0.8430046345176315,0.04583748463050544,0.24830530024307224,0.08500525314446596,0.38474777283420425,0.06435546875,0.10185546875000001,0.5341796875,0.056640625,0.0185546875
3,25,2,64,0.8452383028954166,0.04430107360638263,0.24796589202406918,0.08354021084196994,0.38210695752558377,0.06552734375000001,0.1046875,0.5458984375,0.056640625,0.0205078125
3,25,2,128,0.8466103271503822,0.044188101096395,0.24915950721972796,0.08350402396239107,0.3827718744794751,0.0658203125,0.105126953125,0.5478515625,0.0546875,0.021484375
3,41,1,1,2.0414323248283566,0.3011069255367474,0.9636091660154085,0.42623322780604367,1.43020638794433,0.2234157986111111,0.2620713975694444,0.9677734375,0.0,0.0
3,41,1,2,2.0835711318947556,0.150103296468245,0.5950333017807655,0.23991748062712032,0.9202405756799312,0.10099283854166666,0.13031684027777776,0.8017578125,0.0,0.0
3,41,1,4,2.1398959424263224,0.09325630369811885,0.4533444288994978,0.16313679075604526,0.7229608002614425,0.08165147569444445,0.1145290798611111,0.7802734375,0.0,0.0
3,41,1,8,2.1781046631705414,0.06741215354487023,0.39262313658336645,0.12916913294017418,0.6433568173702601,0.07817925347222224,0.12084960937499999,0.818359375,0.0,0.0
3,41,1,16,2.2005510202146215,0.05829155578937256,0.37176555444520243,0.11759253520463728,0.612892056816635,0.08165147569444445,0.12901475694444445,0.865234375,0.0,0.0
3,41,1,32,2.2108545160452637,0.05412894340792622,0.364962834134162,0.11314609892255399,0.603666582789678,0.08314344618055555,0.1316189236111111,0.8740234375,0.0,0.0
3,41,1,64,2.2151172570961837,0.052072176755499106,0.36436886135366237,0.11181366041541897,0.6037477740977969,0.0830349392361111,0.13324652777777776,0.880859375,0.0,0.0
3,41,1,128,2.217141074844049,0.051380091137026324,0.3633458145591663,0.1109201921719476,0.6015286650691032,0.08349609375,0.13321940104166669,0.8818359375,0.0,0.0
5,49,0,1,2.401390896147368,0.3392865797166596,0.853945005342647,0.4671959310631897,1.423092125527944,0.6084206321022727,0.6535200639204546,1.0,0.0,0.0
5,49,0,2,2.5657965338435753,0.1819087512026005,0.8503895655558906,0.3071912166056341,1.2237276338604208,0.27383700284090906,0.32510653409090906,0.9892578125,0.0,0.0
5,49,0,4,2.7591709415613117,0.10859996428894327,0.6561899287041177,0.2149795428832592,1.0225513098967016,0.1461514559659091,0.20387961647727273,0.9755859375,0.0,0.0
5,49,0,8,2.855497807493176,0.08245738803967817,0.57959832937386,0.18204811615025251,0.9470951593470409,0.15636097301136365,0.237060546875,0.982421875,0.0,0.0
5,49,0,16,2.902231171189288,0.07255406350048273,0.5477690836895264,0.16900195155804065,0.9165216490244547,0.17021040482954544,0.26287286931818177,0.998046875,0.0,0.0
5,49,0,32,2.92564208015117,0.06800627798674713,0.5361767922054713,0.16402439421376733,0.9042955679863496,0.17804509943181818,0.27217240767045453,0.9990234375,0.0,0.0
5,49,0,64,2.937192951341947,0.0657276200708825,0.5339720935480755,0.16123773508443118,0.9009614862849729,0.1780007102272727,0.27507990056818177,0.9990234375,0.0,0.0
5,49,0,128,2.9417863651319354,0.06511400245245161,0.5345057601302063,0.16086758235140974,0.901235006767432,0.17673561789772724,0.27603426846590906,0.9990234375,0.0,0.0
3,33,2,1,1.538439412203723,0.30336309046911003,0.9108841418222797,0.4171038970127888,1.2920381139803265,0.17937360491071427,0.22105189732142855,0.912109375,0.0,0.0
3,33,2,2,1.5053061512822752,0.14838852428429516,0.5346594781620697,0.22806643373701638,0.8148089763533995,0.09563337053571429,0.125244140625,0.7255859375,0.0,0.0
3,33,2,4,1.5403499365890436,0.09004998381473477,0.4045830376687176,0.1501866802157435,0.6336351246056355,0.07386997767857142,0.10682896205357144,0.666015625,0.0,0.0
3,33,2,8,1.5732957519125903,0.06628737620515232,0.3548395225747155,0.12210201258696249,0.5673600760106542,0.07271902901785714,0.11192103794642858,0.6865234375,0.0,0.0
3,33,2,16,1.5924779769134656,0.056915645298760906,0.3367606771009303,0.1097876144044044,0.5386359904834894,0.0728236607142857,0.1155482700892857,0.701171875,0.0,0.0
3,33,2,32,1.6028002181883003,0.05305256131288294,0.3339331108533404,0.10560439359214024,0.5332803838116043,0.07557896205357142,0.119140625,0.7353515625,0.0,0.0
3,33,2,64,1.6074389101802349,0.05137661677994772,0.3346629395477785,0.10376111720944634,0.5322322934723225,0.07721819196428571,0.12077985491071429,0.7431640625,0.0,0.0
3,33,2,128,1.609491344898133,0.05089347859482532,0.33565249793047924,0.10344291567164712,0.5326431071266067,0.07829938616071427,0.12241908482142858,0.7509765625,0.0,0.0
5,25,0,1,1.3208000675251146,0.28055589508333545,0.8279496543358569,0.39659797269916186,1.1792771204692873,0.31977539062500004,0.386572265625,0.9736328125,0.0,0.0
5,25,0,2,1.285113188495819,0.1572868629914326,0.6002053561714739,0.248688189682622,0.8674749429068683,0.174560546875,0.22578125,0.845703125,0.0,0.0
5,25,0,4,1.3028282056334228,0.1033962812293712,0.5078042188641635,0.18332036174568206,0.7548049179307768,0.135205078125,0.193896484375,0.8056640625,0.0,0.0
5,25,0,8,1.3202839943703752,0.08001072761857952,0.4696127582081884,0.15875766023866195,0.7142953961665575,0.14047851562500002,0.208251953125,0.849609375,0.0,0.0
5,25,0,16,1.3303825385247932,0.07031399155318971,0.45708927503969865,0.1489675132537897,0.7005732154706924,0.146044921875,0.22231445312499998,0.8935546875,0.0,0.0
5,25,0,32,1.3367826939856595,0.06589715648945241,0.4534634166072243,0.14457544828338495,0.6975797238810373,0.150048828125,0.22783203125,0.90234375,0.0,0.0
5,25,0,64,1.340313240927945,0.06382265645156654,0.4530102698833286,0.1423278126862738,0.6940403497039471,0.150439453125,0.227978515625,0.896484375,0.0,0.0
5,25,0,128,1.3425687005840996,0.06342020601735357,0.4543685293069819,0.14205967372520564,0.6954817718291308,0.15205078125,0.229248046875,0.908203125,0.0,0.0
3,41,2,1,2.068284385543821,0.2975732056743709,0.9744229023773022,0.4233891485608927,1.4383887563233584,0.23624674479166669,0.27560763888888884,0.9736328125,0.0,0.0
3,41,2,2,2.10584563975201,0.15641995651221924,0.6191855919713616,0.24986093380909086,0.9520734009799181,0.11602105034722222,0.1457248263888889,0.8203125,0.0,0.0
3,41,2,4,2.174544247217384,0.0958071270343104,0.47016289036786424,0.16570056699240887,0.7417453917952638,0.08680555555555555,0.12147352430555555,0.7998046875,0.0,0.0
3,41,2,8,2.2165665862820174,0.07094217406041319,0.40427669597979754,0.13585534770835786,0.6641511637173798,0.08805338541666666,0.1308865017361111,0.84375,0.0,0.0
3,41,2,16,2.2374106537974283,0.060989876793556635,0.38451444756621644,0.12461198719935376,0.6383511916371389,0.09120008680555555,0.13804796006944445,0.8779296875,0.0,0.0
3,41,2,32,2.2467534610452002,0.05701467608382125,0.3803631139098603,0.1208031028333392,0.6337415755095261,0.09171549479166666,0.14029947916666669,0.8818359375,0.0,0.0
3,41,2,64,2.2532498756710644,0.05509688354790852,0.37955284242960985,0.11881284915320012,0.6303259526848702,0.09214952256944445,0.1399468315972222,0.8955078125,0.0,0.0
3,41,2,128,2.2555534867544784,0.05489436148603849,0.3798994456448683,0.11829026402906367,0.629812365581869,0.09320746527777776,0.14046223958333331,0.904296875,0.0,0.0
5,33,0,1,1.9284319216541488,0.2855294646217923,0.9247186327134442,0.41649604580693456,1.3654492899516821,0.4254673549107143,0.48291015625,0.9931640625,0.0,0.0
5,33,0,2,1.9578206078961347,0.16181053819727673,0.7098253864103253,0.2713419686473628,1.037291089513519,0.20790318080357142,0.2569405691964286,0.9365234375,0.0,0.0
5,33,0,4,2.0280836112402554,0.1088747603210257,0.608347889885327,0.20633377836133,0.9228573506887645,0.15084402901785712,0.21163504464285715,0.9052734375,0.0,0.0
5,33,0,8,2.0719846120408336,0.0850237030425222,0.5629419591886988,0.17891874334469499,0.8794959034248431,0.154052734375,0.2301548549107143,0.931640625,0.0,0.0
5,33,0,16,2.097373739987976,0.07532183339692185,0.5444462546671909,0.16822238984323312,0.8631427970587859,0.16043526785714285,0.24937220982142855,0.94921875,0.0,0.0
5,33,0,32,2.1108298468179885,0.07087901303940068,0.538942582744097,0.16474362117811042,0.8602965113169504,0.1659458705357143,0.260009765625,0.9619140625,0.0,0.0
5,33,0,64,2.1170568099360705,0.06893807035355427,0.5387625508005318,0.16312995468684938,0.8611770092140261,0.16915457589285715,0.26025390625,0.9619140625,0.0,0.0
5,33,0,128,2.120343405364323,0.06839236492047421,0.5395565104422676,0.16305702352398344,0.8634090055606998,0.16922433035714285,0.26123046875,0.962890625,0.0,0.0
5,25,1,1,1.2810414512538177,0.2659496599036405,0.7910718013382851,0.3782328863793012,1.1369892844050844,0.30253906249999996,0.37006835937500004,0.96484375,0.0,0.0
5,25,1,2,1.239355751945559,0.1509905409787998,0.577547844578562,0.24019641481059226,0.8413566874323908,0.1765625,0.23115234375000002,0.8388671875,0.0,0.0
5,25,1,4,1.2683508725573036,0.09779495120163142,0.4897625466099659,0.17666714675711445,0.7299877808908235,0.13369140625,0.19521484375,0.794921875,0.0,0.0
5,25,1,8,1.2959398455018019,0.07545260504118255,0.4594415125248765,0.1518858715247034,0.697150354776997,0.1306640625,0.202490234375,0.833984375,0.0,0.0
5,25,1,16,1.3108214357596677,0.06678667623492833,0.44760148222751284,0.14286426805099123,0.68334757944653,0.138427734375,0.220263671875,0.8603515625,0.0,0.0
5,25,1,32,1.318437261581674,0.06246399801321937,0.4436985141499531,0.13906041726261031,0.6804269390684531,0.13984375,0.22744140624999998,0.8583984375,0.0,0.0
5,25,1,64,1.3228006534413796,0.06093072314026457,0.4445813492338048,0.13812098619148583,0.6802595120234526,0.140673828125,0.22587890625,0.8681640625,0.0,0.0
5,25,1,128,1.3256154333534231,0.06080530775024215,0.44607638521580695,0.1382529475323872,0.6817171730293543,0.13994140625,0.22587890625,0.865234375,0.0,0.0
5,41,0,1,2.188659260738989,0.30935871413620974,0.9020855055823019,0.444097744517294,1.4393156717447344,0.5513237847222223,0.6014539930555556,1.0,0.0,0.0
5,41,0,2,2.3142243900807458,0.17826031705494025,0.8055169732341747,0.3011464556744934,1.1697172946563503,0.24302842881944442,0.29416232638888895,0.9853515625,0.0,0.0
5,41,0,4,2.474560014897383,0.11123427874498887,0.6432977528210828,0.21416238440902347,0.9901111111809102,0.15082465277777776,0.2131618923611111,0.955078125,0.0,0.0
5,41,0,8,2.5536715275412085,0.08423624085725187,0.5745463775213214,0.18113871431009115,0.9245620240400257,0.1577419704861111,0.2402072482638889,0.9775390625,0.0,0.0
5,41,0,16,2.593392131805812,0.07397761670663712,0.5455097348122911,0.16802998450096263,0.8968811692249528,0.1655544704861111,0.2610134548611111,0.9873046875,0.0,0.0
5,41,0,32,2.613104921328727,0.06913570055367621,0.5358797100098923,0.16145387495041102,0.882112404417684,0.1696234809027778,0.2684461805555556,0.990234375,0.0,0.0
5,41,0,64,2.621826509131475,0.0667272270249778,0.5339456718196629,0.15940876221899214,0.8808577648022609,0.1714138454861111,0.2697482638888889,0.9912109375,0.0,0.0
5,41,0,128,2.6267054434165766,0.06600177695737008,0.534155585365861,0.15892799717492942,0.8814878192943151,0.1708441840277778,0.26980251736111116,0.990234375,0.0,0.0
5,49,1,1,2.3782179649028503,0.3501180945750934,0.8362487720397259,0.478301716889731,1.4136024144543937,0.6356977982954545,0.6782670454545454,1.0,0.0,0.0
5,49,1,2,2.5444699173372394,0.18138432141936456,0.8486622456394926,0.3063440806930182,1.2199872334691224,0.3008034446022727,0.3544921875,0.99609375,0.0,0.0
5,49,1,4,2.7460346438640526,0.10996380226533888,0.6559273503378285,0.21764663752311825,1.0254717766911585,0.1620205965909091,0.22367720170454547,0.9765625,0.0,0.0
5,49,1,8,2.844821593802319,0.08372939630909604,0.5828665947586855,0.18357673397000662,0.9530537064328265,0.15993430397727273,0.24365234374999997,0.9931640625,0.0,0.0
5,49,1,16,2.8899653931531484,0.07334437450686211,0.549949148104117,0.17028857877329973,0.9174273019190504,0.17134232954545453,0.2693536931818181,0.994140625,0.0,0.0
5,49,1,32,2.915734618233086,0.0694536219505203,0.5412627027647515,0.16608201836381153,0.9097655630856868,0.17835582386363635,0.28016246448863635,0.9970703125,0.0,0.0
5,49,1,64,2.926836638639588,0.0676129512879732,0.5388572496440392,0.16378101226102343,0.9071629618659051,0.178955078125,0.28062855113636365,0.9951171875,0.0,0.0
5,49,1,128,2.931667645793137,0.06709339581811413,0.541042235594175,0.16331378212330444,0.9077910751843268,0.17853338068181818,0.27869762073863635,0.9970703125,0.0,0.0
5,33,1,16,2.041138853264506,0.06766327846441626,0.5003982353139429,0.15247510080559498,0.8021840960048927,0.13835797991071427,0.22286551339285715,0.939453125,0.0,0.0
5,33,1,32,2.057773381839257,0.06408305455873892,0.49694564004560443,0.14905210961143348,0.8015788409131618,0.146240234375,0.23583984374999997,0.955078125,0.0,0.0
5,33,1,64,2.067434701510656,0.06210899011316549,0.4973225567513334,0.14754906018139857,0.8043049706932226,0.14662388392857142,0.238037109375,0.9599609375,0.0,0.0
5,33,1,128,2.0721369322259617,0.06161349664632973,0.49818340190941507,0.14709443920541532,0.8052442538571168,0.1448451450892857,0.23720005580357142,0.9599609375,0.0,0.0
5,33,1,1,1.8065392131227007,0.28624822099407804,0.8972535429516195,0.4188255822341911,1.347548115885564,0.4307686941964286,0.491455078125,0.994140625,0.0,0.0
5,33,1,2,1.857690772663866,0.16215553686648457,0.693518004012597,0.26737440329423634,1.0111157876839292,0.19785853794642858,0.24693080357142858,0.939453125,0.0,0.0
5,33,1,4,1.9524081762856247,0.10293709935278952,0.5690621684758899,0.19286203928451767,0.8681525067782476,0.13026646205357142,0.19112723214285715,0.8525390625,0.0,0.0
5,33,1,8,2.0108302365478448,0.07742811793646795,0.5186331521107059,0.16289250123836002,0.8139480148511751,0.1297084263392857,0.20479910714285715,0.8994140625,0.0,0.0
5,25,2,1,1.2694152555593343,0.27503209837873693,0.8035959445890708,0.3847028292163083,1.1380103739059955,0.30312500000000003,0.37333984375,0.9716796875,0.0,0.0
5,25,2,2,1.2351409903298118,0.15153430377888263,0.5727111269667406,0.23852989963919893,0.8288705105748567,0.16997070312499998,0.226708984375,0.8447265625,0.0,0.0
5,25,2,4,1.2704120049651757,0.09994527970701408,0.4867961593584924,0.17680566257236585,0.7211630535477702,0.137109375,0.19619140624999998,0.8173828125,0.0,0.0
5,25,2,8,1.3022884331080808,0.07830682997356023,0.4563004408890538,0.1531663383890798,0.6880157424376883,0.139453125,0.20849609375,0.8505859375,0.0,0.0
5,25,2,16,1.3195846896619607,0.0696319104583242,0.4460517371009175,0.14540416347362167,0.6799581462974731,0.146435546875,0.221630859375,0.8837890625,0.0,0.0
5,25,2,32,1.3294190040205252,0.06532853826004147,0.44270209439811653,0.1411652503786353,0.6768471317977135,0.14760742187500003,0.22724609375,0.8935546875,0.0,0.0
5,25,2,64,1.3350858449648961,0.063446617711549,0.44417605507211566,0.13972503092412886,0.6777473011675588,0.14809570312500003,0.23046875,0.8984375,0.0,0.0
5,25,2,128,1.3378532553660396,0.06293641958219626,0.44569240004334787,0.13932804717931552,0.6794153582020708,0.14804687500000002,0.23076171875,0.8984375,0.0,0.0
5,41,1,1,2.1777592670837893,0.29717908832462814,0.8693377312582665,0.42792016596565474,1.3963657970323289,0.5386827256944444,0.5934244791666667,1.0,0.0,0.0
5,41,1,2,2.303756914590495,0.1753134058959089,0.7795824067445134,0.29253481334682907,1.135055724922406,0.23961046006944442,0.28879123263888884,0.97265625,0.0,0.0
5,41,1,4,2.4605203046185187,0.10877802853976629,0.6270063799649734,0.21043378686179715,0.9758581680544047,0.14268663194444442,0.200439453125,0.9423828125,0.0,0.0
5,41,1,8,2.546276483650631,0.08158122232838326,0.5587274973577692,0.17730178341795386,0.9083731177468309,0.14887152777777776,0.2307400173611111,0.96484375,0.0,0.0
5,41,1,16,2.585517569696879,0.07215303124768149,0.5337477618746829,0.1660367695062969,0.8846366041949878,0.16300455729166669,0.2572157118055556,0.9814453125,0.0,0.0
5,41,1,32,2.603433334972919,0.06812400898385865,0.5260928321261744,0.1612103056917885,0.8770897393141498,0.1716579861111111,0.2699924045138889,0.9853515625,0.0,0.0
5,41,1,64,2.612635542465115,0.06611397366131624,0.5250489569119107,0.15930319967162926,0.8758541730851297,0.1741265190972222,0.27303059895833337,0.9814453125,0.0,0.0
5,41,1,128,2.618189559396907,0.0655545330053493,0.5261129179223568,0.15918760463197645,0.8769459184953301,0.1740180121527778,0.2732476128472222,0.982421875,0.0,0.0
5,33,2,1,1.8505458677936784,0.2886900260658052,0.922681504915931,0.4179723897026656,1.3543921349015795,0.4199567522321429,0.48099190848214285,0.9951171875,0.0,0.0
5,33,2,2,1.896910459200149,0.1625475666861162,0.6882132140317234,0.2685688649929768,1.0123160170703445,0.2054966517857143,0.255615234375,0.939453125,0.0,0.0
5,33,2,4,1.986331867085569,0.10800608541846338,0.5827367490916848,0.20096709024191212,0.8925183743881645,0.15757533482142858,0.216796875,0.9228515625,0.0,0.0
5,33,2,8,2.0368896034979707,0.083315056316874,0.5425646189374295,0.17298643173229153,0.8515271549833506,0.15464564732142858,0.22896902901785712,0.939453125,0.0,0.0
5,33,2,16,2.0664260538149453,0.07456809340513812,0.5304383818690783,0.16366036404364667,0.8404427678667503,0.1654575892857143,0.24867466517857142,0.95703125,0.0,0.0
5,33,2,32,2.0816772917913298,0.06965234801463684,0.522699187779595,0.1580608628555428,0.8336567640884203,0.16727120535714285,0.253662109375,0.9677734375,0.0,0.0
5,33,2,64,2.0890781107897816,0.06780579454653192,0.5209436890364917,0.15625860199019107,0.8314743937322135,0.16720145089285715,0.2547781808035714,0.9609375,0.0,0.0
5,33,2,128,2.0940346682119673,0.06753036205662166,0.5223570137651037,0.15666831595207364,0.8330245972322536,0.1673060825892857,0.2555106026785714,0.9580078125,0.0,0.0
5,49,2,1,2.3423430900281406,0.3624994521124828,0.8316264145670267,0.49203366902775447,1.4182058883018285,0.6470614346590908,0.6869007457386364,1.0,0.0,0.0
5,49,2,2,2.521275829219509,0.16688098990832448,0.8223178240381324,0.29248900373137654,1.1861251921115847,0.2463600852272727,0.2980735085227273,0.98828125,0.0,0.0
5,49,2,4,2.7331588574097827,0.09949334296504936,0.6265577251619562,0.2021626514840279,0.9866003656883814,0.12298029119318181,0.17879971590909088,0.947265625,0.0,0.0
5,49,2,8,2.8381986572919526,0.07580808553083437,0.5527203197451579,0.17130420889508596,0.9148324426261955,0.13483220880681818,0.21786221590909088,0.9853515625,0.0,0.0
5,49,2,16,2.891057730327036,0.06697309281122943,0.5247671864061736,0.16013005387054077,0.8841776737419588,0.1516335227272727,0.2452947443181818,0.9970703125,0.0,0.0
5,49,2,32,2.917703566422949,0.06293335696921773,0.5129510693886827,0.15499451257083374,0.871259964697896,0.15605024857954544,0.2542391690340909,0.9990234375,0.0,0.0
5,49,2,64,2.928862983966389,0.061012772846094965,0.5100233107662331,0.15344855752382594,0.8698221611289436,0.1574928977272727,0.2561257102272727,0.9970703125,0.0,0.0
5,49,2,128,2.9340727471096693,0.06027653495063286,0.5106889470347568,0.15271402110192311,0.8707421347081388,0.15693803267045453,0.2557927911931818,0.998046875,0.0,0.0
5,41,2,1,2.1588666092600275,0.31558485886889753,0.8764271081969803,0.44555248884613846,1.410070871515066,0.5529513888888888,0.6017523871527778,1.0,0.0,0.0
5,41,2,2,2.302903287874558,0.17631195444159942,0.79737306560341,0.2980499812331548,1.1629291944853386,0.2535264756944444,0.3055284288194444,0.982421875,0.0,0.0
5,41,2,4,2.4752753976177035,0.11027563554748927,0.6434965892387424,0.2136242219267054,0.9948185691275491,0.15660264756944442,0.21720377604166669,0.955078125,0.0,0.0
5,41,2,8,2.5672613024370015,0.08401908049273521,0.5781832405489804,0.18083122709113456,0.9284635988563259,0.157470703125,0.23838975694444445,0.9853515625,0.0,0.0
5,41,2,16,2.6176386201613577,0.07468477544599414,0.5568022620066528,0.1704580596542638,0.9119218984346619,0.17154947916666669,0.26779513888888884,0.9873046875,0.0,0.0
5,41,2,32,2.642487138192239,0.06978214117416234,0.546721677439089,0.1649476847175746,0.9003128050641143,0.17333984375,0.2723524305555556,0.9921875,0.0,0.0
5,41,2,64,2.6520479205953364,0.0675847260451684,0.5445339681743699,0.1628488482805795,0.8978005842033091,0.1747775607638889,0.2745496961805556,0.9921875,0.0,0.0
5,41,2,128,2.6570479573183654,0.06720595820515725,0.5459298303217373,0.16256534543593193,0.8992518632298214,0.17569986979166663,0.2727864583333333,0.994140625,0.0,0.0
2,49,0,64,2.174401920267928,0.0330958452550303,0.19486381407477127,0.06416568833751429,0.3314160054280351,0.03360262784090909,0.06494140625,0.7041015625,0.0,0.0009765625
2,49,0,1,1.9339450969903267,0.3037132011061909,0.9150503272435715,0.43173199876686763,1.443457774468839,0.14501953125,0.1705655184659091,0.9677734375,0.0,0.0
2,49,0,128,2.177276302669871,0.03277024368525588,0.19688356781649458,0.0636810529538373,0.33178670926671205,0.03440163352272727,0.06494140625,0.70703125,0.0,0.0009765625
2,49,0,2,1.9936868373335437,0.13904840982072686,0.49495791527082206,0.21771218181354862,0.8027503682525632,0.04656427556818181,0.06349875710227272,0.640625,0.0,0.0
2,49,0,4,2.0806831552956915,0.07409415717927693,0.2940121369564841,0.11954022783975388,0.49789034658367015,0.02787642045454545,0.04776278409090909,0.5625,0.0,0.0
2,49,0,8,2.128253124019196,0.048526944704346806,0.22538889543976742,0.08344486628180421,0.38715309481033683,0.029363458806818177,0.05553089488636362,0.634765625,0.0,0.0
2,49,0,16,2.156194204851757,0.03936912206339008,0.20457103710376037,0.07236125681843997,0.3524959123138005,0.03240411931818181,0.0612127130681818,0.6865234375,0.0,0.0
2,49,0,32,2.167964083887857,0.03480726916483752,0.1956562695277166,0.06653188006423207,0.33661369449924183,0.03402432528409091,0.06394264914772727,0.6982421875,0.0,0.0
2,49,1,16,2.159457870574779,0.03846015648330674,0.1944778519965503,0.07029535494118722,0.3427456063200556,0.029740767045454544,0.05757279829545454,0.66015625,0.0,0.0
2,49,1,32,2.1726202377738444,0.03448713351922125,0.18883292657403705,0.06552179059603835,0.3296625968187467,0.03164950284090909,0.06012517755681818,0.7041015625,0.0,0.0
2,49,1,64,2.180427214983446,0.0326673518584726,0.18775584329075956,0.06336483419580916,0.32440143157346096,0.03224875710227272,0.06174538352272726,0.7060546875,0.0,0.0
2,49,1,1,1.9579131242900347,0.3005111815932612,0.9333282105359473,0.42480362030412655,1.444919374852318,0.14335493607954544,0.16898970170454544,0.982421875,0.0,0.0
2,49,1,2,2.0145079543129354,0.13593054700416374,0.4828847548732832,0.21063909114171628,0.7796297470297555,0.04108220880681818,0.05914861505681818,0.6484375,0.0,0.0
2,49,1,128,2.1825339845823963,0.0318985905302368,0.18870227278039658,0.06238234459262457,0.32307465575752137,0.03238192471590909,0.06103515624999999,0.7041015625,0.0,0.0009765625
2,49,1,4,2.092064349572241,0.07181563759620842,0.28451994020057886,0.11593580299901635,0.4863508158282877,0.02432528409090909,0.044877485795454544,0.5234375,0.0,0.0
2,49,1,8,2.1352096035667665,0.04728981552747767,0.21487898398807426,0.0821530226579663,0.37877424908751756,0.026455965909090908,0.05251242897727272,0.60546875,0.0,0.0
2,49,2,4,2.0632158005868915,0.07438722588223004,0.2938600848122233,0.11922946287050028,0.49957322658879555,0.02852006392045454,0.047696200284090905,0.5458984375,0.0,0.0
2,49,2,8,2.11321584509854,0.049436677605050376,0.22651493371544562,0.08511543300839644,0.39464752043894546,0.029740767045454544,0.05617453835227272,0.6279296875,0.0,0.0
2,49,2,16,2.1412618441848776,0.04081181527787797,0.21120400252942778,0.07521993583184591,0.3688541187634221,0.03415749289772727,0.06316583806818181,0.6943359375,0.0,0.0
2,49,2,32,2.15686142449553,0.036667686837979635,0.20541034905099861,0.06999109282879075,0.3544560920187331,0.035333806818181816,0.06434215198863635,0.7099609375,0.0,0.0
2,49,2,1,1.89298302158556,0.30012275702482627,0.9366052262323108,0.42120389945602327,1.443275000070136,0.13995916193181818,0.1647061434659091,0.9814453125,0.0,0.0
2,49,2,64,2.1666356743540156,0.03513933104431176,0.20704727685839264,0.06823276302863819,0.3526661219509336,0.035844282670454544,0.06547407670454544,0.72265625,0.0,0.0
2,49,2,2,1.9673721013117134,0.13839885748655872,0.5024188531927729,0.2130227477309971,0.7946539185347816,0.040460759943181816,0.056618430397727265,0.625,0.0,0.0
2,49,2,128,2.1685481557588755,0.034573107149976606,0.20760655741153022,0.06744070004672101,0.3509349855550081,0.036221590909090905,0.0656072443181818,0.7216796875,0.0,0.0009765625
