balls,frames,generated_frames,seed,score_rmse,score_rmse_per_component,score_mse,score_mse_per_coordinate,score_mse_noise_se,elapsed_s,checkpoint
1,25,20,0,19.82198178716428,2.216164936243105,392.9109619706725,4.911387024633406,2.047477770386234,10.462687253952026,/scratch/wkim/code/seriality-gap/experiments/statebench/out/runs/indep_25f_1n_ball_d8_w256_s1_seed0/ema_0025000.pt
1,25,20,1,18.81976539685988,2.10411373739885,354.1835695928445,4.4272946199105565,2.784172840966139,10.394303560256958,/scratch/wkim/code/seriality-gap/experiments/statebench/out/runs/indep_25f_1n_ball_d8_w256_s1_seed1/ema_0025000.pt
1,25,20,2,18.73429456759846,2.0945578081827594,350.97379294554923,4.387172411819366,2.363403357491263,10.410491704940796,/scratch/wkim/code/seriality-gap/experiments/statebench/out/runs/indep_25f_1n_ball_d8_w256_s1_seed2/ema_0025000.pt
1,33,28,0,23.375947783880676,2.208819446306418,546.4349347947159,4.878883346381392,2.588703424431037,13.384968757629395,/scratch/wkim/code/seriality-gap/experiments/statebench/out/runs/indep_33f_1n_ball_d8_w256_s1_seed0/ema_0025000.pt
1,33,28,1,23.112843616699774,2.1839584393326525,534.2035400500195,4.769674464732317,1.4423429247187471,13.496618509292603,/scratch/wkim/code/seriality-gap/experiments/statebench/out/runs/indep_33f_1n_ball_d8_w256_s1_seed1/ema_0025000.pt
1,33,28,2,22.947487855382104,2.168333788536285,526.5871988729092,4.701671418508118,2.567082605039776,13.387565851211548,/scratch/wkim/code/seriality-gap/experiments/statebench/out/runs/indep_33f_1n_ball_d8_w256_s1_seed2/ema_0025000.pt
1,41,36,0,26.519421808565827,2.2099518173804857,703.2797330606368,4.883887035143311,3.4620391777798543,16.617104530334473,/scratch/wkim/code/seriality-gap/experiments/statebench/out/runs/indep_41f_1n_ball_d8_w256_s1_seed0/ema_0025000.pt
1,41,36,1,25.546194206781376,2.128849517231781,652.6080384505904,4.532000267017988,3.3424310378523496,16.660654306411743,/scratch/wkim/code/seriality-gap/experiments/statebench/out/runs/indep_41f_1n_ball_d8_w256_s1_seed1/ema_0025000.pt
1,41,36,2,25.667336795338073,2.1389447329448394,658.8121781653158,4.5750845705924705,2.838481510587424,16.717345714569092,/scratch/wkim/code/seriality-gap/experiments/statebench/out/runs/indep_41f_1n_ball_d8_w256_s1_seed2/ema_0025000.pt
1,49,44,0,28.394266160950323,2.1402983421217567,806.2343508188885,4.580876993289139,2.704590173978653,19.486025094985962,/scratch/wkim/code/seriality-gap/experiments/statebench/out/runs/indep_49f_1n_ball_d8_w256_s1_seed0/ema_0025000.pt
1,49,44,1,27.465299367550966,2.0702748353852733,754.3426693491954,4.286037894029519,4.226164660297518,19.63970136642456,/scratch/wkim/code/seriality-gap/experiments/statebench/out/runs/indep_49f_1n_ball_d8_w256_s1_seed1/ema_0025000.pt
1,49,44,2,27.8606965646041,2.1000790205167155,776.2184130649428,4.4103318924144475,3.6371744736630838,19.55575728416443,/scratch/wkim/code/seriality-gap/experiments/statebench/out/runs/indep_49f_1n_ball_d8_w256_s1_seed2/ema_0025000.pt
2,25,20,0,52.24828134768059,4.1305893221990635,2729.882903786387,17.061768148664918,5.4662430392478845,20.00244951248169,/scratch/wkim/code/seriality-gap/experiments/statebench/out/runs/indep_25f_2n_ball_d8_w256_s1_seed0/ema_0025000.pt
2,25,20,1,52.372944750366244,4.140444829532899,2742.9253418249154,17.14328338640572,2.688883572676124,19.917367696762085,/scratch/wkim/code/seriality-gap/experiments/statebench/out/runs/indep_25f_2n_ball_d8_w256_s1_seed1/ema_0025000.pt
2,25,20,2,52.886305193320965,4.1810295360421454,2796.961277001088,17.481007981256802,4.142577659598482,19.95740056037903,/scratch/wkim/code/seriality-gap/experiments/statebench/out/runs/indep_25f_2n_ball_d8_w256_s1_seed2/ema_0025000.pt
2,33,28,0,62.666728870620894,4.18709694613783,3927.1189073439105,17.53178083635674,11.92722885132668,26.67068099975586,/scratch/wkim/code/seriality-gap/experiments/statebench/out/runs/indep_33f_2n_ball_d8_w256_s1_seed0/ema_0025000.pt
2,33,28,1,62.34464744460332,4.165576975659235,3886.8550649918834,17.352031540142338,10.389838087067385,26.70261263847351,/scratch/wkim/code/seriality-gap/experiments/statebench/out/runs/indep_33f_2n_ball_d8_w256_s1_seed1/ema_0025000.pt
2,33,28,2,63.433107303447535,4.238302759070867,4023.759102170689,17.96321027754772,11.417313900580645,26.556002140045166,/scratch/wkim/code/seriality-gap/experiments/statebench/out/runs/indep_33f_2n_ball_d8_w256_s1_seed2/ema_0025000.pt
2,41,36,0,70.84025634637358,4.17430213695951,5018.341919219922,17.42479833062473,13.164825514795568,32.116381883621216,/scratch/wkim/code/seriality-gap/experiments/statebench/out/runs/indep_41f_2n_ball_d8_w256_s1_seed0/ema_0025000.pt
2,41,36,1,70.98305378949337,4.182716556990019,5038.593925282108,17.495117796118432,11.012595871313037,32.095351696014404,/scratch/wkim/code/seriality-gap/experiments/statebench/out/runs/indep_41f_2n_ball_d8_w256_s1_seed1/ema_0025000.pt
2,41,36,2,72.23829893252397,4.2566825863807205,5218.371832664695,18.119346641196856,10.617607164914878,32.06843543052673,/scratch/wkim/code/seriality-gap/experiments/statebench/out/runs/indep_41f_2n_ball_d8_w256_s1_seed2/ema_0025000.pt
2,49,44,0,77.50594661974176,4.131080835287162,6007.17176142226,17.065828867676874,11.46523609974228,37.198142528533936,/scratch/wkim/code/seriality-gap/experiments/statebench/out/runs/indep_49f_2n_ball_d8_w256_s1_seed0/ema_0025000.pt
2,49,44,1,77.64735335514186,4.138617839608364,6029.111483058259,17.1281576223246,11.428975438452522,37.29563069343567,/scratch/wkim/code/seriality-gap/experiments/statebench/out/runs/indep_49f_2n_ball_d8_w256_s1_seed1/ema_0025000.pt
2,49,44,2,77.61772158005381,4.137038460689449,6024.510703278751,17.115087225223725,9.395472436720016,37.33771014213562,/scratch/wkim/code/seriality-gap/experiments/statebench/out/runs/indep_49f_2n_ball_d8_w256_s1_seed2/ema_0025000.pt
3,25,20,0,65.58650899635668,4.233590951312872,4301.590162329176,17.92329234303823,8.370356505572218,29.768316507339478,/scratch/wkim/code/seriality-gap/experiments/statebench/out/runs/indep_25f_3n_ball_d8_w256_s1_seed0/ema_0025000.pt
3,25,20,1,64.96426505281377,4.193425277469204,4220.3557338522405,17.58481555771767,9.191167018592568,29.846794605255127,/scratch/wkim/code/seriality-gap/experiments/statebench/out/runs/indep_25f_3n_ball_d8_w256_s1_seed1/ema_0025000.pt
3,25,20,2,66.13912826542182,4.269262371744249,4374.384287709919,18.22660119879133,10.247176125995944,29.83367919921875,/scratch/wkim/code/seriality-gap/experiments/statebench/out/runs/indep_25f_3n_ball_d8_w256_s1_seed2/ema_0025000.pt
3,33,28,0,80.26565586087284,4.378850520091972,6442.575510776071,19.174331877309733,14.750760250246518,37.681429862976074,/scratch/wkim/code/seriality-gap/experiments/statebench/out/runs/indep_33f_3n_ball_d8_w256_s1_seed0/ema_0025000.pt
3,33,28,1,81.60454704540216,4.4518930224778615,6659.302098485254,19.819351483587063,15.272453779597374,37.789464712142944,/scratch/wkim/code/seriality-gap/experiments/statebench/out/runs/indep_33f_3n_ball_d8_w256_s1_seed1/ema_0025000.pt
3,33,28,2,81.09333984008617,4.4240043830234885,6576.129766419708,19.571814781011035,12.976521878436014,37.78458499908447,/scratch/wkim/code/seriality-gap/experiments/statebench/out/runs/indep_33f_3n_ball_d8_w256_s1_seed2/ema_0025000.pt
3,41,36,0,92.09339630335475,4.430845595527396,8481.193642686754,19.632392691404522,14.493542107543675,45.79700183868408,/scratch/wkim/code/seriality-gap/experiments/statebench/out/runs/indep_41f_3n_ball_d8_w256_s1_seed0/ema_0025000.pt
3,41,36,1,91.61431179227756,4.407795631241147,8393.182125172647,19.428662326788533,9.308078325696886,45.83707928657532,/scratch/wkim/code/seriality-gap/experiments/statebench/out/runs/indep_41f_3n_ball_d8_w256_s1_seed1/ema_0025000.pt
3,41,36,2,91.45362064128216,4.400064374634181,8363.76472839955,19.360566500924886,13.963540651984603,45.85955882072449,/scratch/wkim/code/seriality-gap/experiments/statebench/out/runs/indep_41f_3n_ball_d8_w256_s1_seed2/ema_0025000.pt
3,49,44,0,97.97716376034543,4.263908751147119,9599.524618521547,18.180917838108993,10.404451329448904,56.03208374977112,/scratch/wkim/code/seriality-gap/experiments/statebench/out/runs/indep_49f_3n_ball_d8_w256_s1_seed0/ema_0025000.pt
3,49,44,1,97.84424507100402,4.258124207678805,9573.496293514696,18.131621768020256,7.328776527089145,55.997071504592896,/scratch/wkim/code/seriality-gap/experiments/statebench/out/runs/indep_49f_3n_ball_d8_w256_s1_seed1/ema_0025000.pt
3,49,44,2,98.6410759140356,4.29280181901584,9730.061857478533,18.428147457345705,9.481816830900417,56.005953311920166,/scratch/wkim/code/seriality-gap/experiments/statebench/out/runs/indep_49f_3n_ball_d8_w256_s1_seed2/ema_0025000.pt
5,25,20,0,88.92781313935347,4.446390656967674,7908.155949747768,19.77038987436942,13.784776924673222,46.656371116638184,/scratch/wkim/code/seriality-gap/experiments/statebench/out/runs/indep_25f_5n_ball_d8_w256_s1_seed0/ema_0025000.pt
5,25,20,1,86.45040468059646,4.322520234029823,7473.672469438894,18.684181173597235,16.56704971412527,46.74379801750183,/scratch/wkim/code/seriality-gap/experiments/statebench/out/runs/indep_25f_5n_ball_d8_w256_s1_seed1/ema_0025000.pt
5,25,20,2,87.66623850704642,4.383311925352321,7685.3693739743485,19.213423434935873,17.91315487520085,46.75918006896973,/scratch/wkim/code/seriality-gap/experiments/statebench/out/runs/indep_25f_5n_ball_d8_w256_s1_seed2/ema_0025000.pt
5,33,28,0,104.00272779744687,4.394917395069199,10816.567389309828,19.315298909481836,16.805689679064326,62.4813015460968,/scratch/wkim/code/seriality-gap/experiments/statebench/out/runs/indep_33f_5n_ball_d8_w256_s1_seed0/ema_0025000.pt
5,33,28,1,100.99871816394568,4.26797481891925,10200.74107076013,18.215609054928805,12.801163331578069,62.35915470123291,/scratch/wkim/code/seriality-gap/experiments/statebench/out/runs/indep_33f_5n_ball_d8_w256_s1_seed1/ema_0025000.pt
5,33,28,2,104.82897918396726,4.429832888808852,10989.114876752641,19.623419422772574,17.521280091672697,62.54165863990784,/scratch/wkim/code/seriality-gap/experiments/statebench/out/runs/indep_33f_5n_ball_d8_w256_s1_seed2/ema_0025000.pt
5,41,36,0,113.83977339690644,4.242557864310916,12959.494007059006,17.999297232026397,13.633369350821177,78.78493547439575,/scratch/wkim/code/seriality-gap/experiments/statebench/out/runs/indep_41f_5n_ball_d8_w256_s1_seed0/ema_0025000.pt
5,41,36,1,109.86391901083186,4.094386519712525,12070.080700418624,16.764000972803647,14.649034536371307,78.66534113883972,/scratch/wkim/code/seriality-gap/experiments/statebench/out/runs/indep_41f_5n_ball_d8_w256_s1_seed1/ema_0025000.pt
5,41,36,2,113.01697483289978,4.211893972295781,12772.836600380302,17.74005083386153,13.76402738498356,78.8219964504242,/scratch/wkim/code/seriality-gap/experiments/statebench/out/runs/indep_41f_5n_ball_d8_w256_s1_seed2/ema_0025000.pt
5,49,44,0,121.04033037239674,4.0802687044787636,14650.761576658948,16.648592700748804,19.328302316039878,92.49796986579895,/scratch/wkim/code/seriality-gap/experiments/statebench/out/runs/indep_49f_5n_ball_d8_w256_s1_seed0/ema_0025000.pt
5,49,44,1,119.04516930867294,4.013011838741033,14171.752335730605,16.10426401787569,14.237908328908686,92.42104387283325,/scratch/wkim/code/seriality-gap/experiments/statebench/out/runs/indep_49f_5n_ball_d8_w256_s1_seed1/ema_0025000.pt
5,49,44,2,121.0858844638236,4.081804332587494,14661.791416386437,16.661126609530044,20.074912696085057,92.2819139957428,/scratch/wkim/code/seriality-gap/experiments/statebench/out/runs/indep_49f_5n_ball_d8_w256_s1_seed2/ema_0025000.pt
